term,definition,category,rel_terms,abbrev,synonym,refs,alt_def,rel_terms_alt_def,refs_alt_def,drafted_by,reviewed_by,status
Artifact,"In the context of fNIRS, an artifact is a disturbance of the fNIRS signal that makes the identification of physiologically relevant information in the fNIRS signal difficult or impossible. Generally it is a component of the fNIRS signal that is not induced by neuronal activity and may thus contaminate the measured hemodynamic response. Common sources of artifact in fNIRS data include relative movement between the optodes and the scalp (i.e. motion artifacts), optical signal changes caused by non-brain function related physiological variations (e.g., effects of blood flow changes in the scalp or respiration), environmental variations (e.g., due to stray or ambient light), as well as  undesired instrument fluctuations (i.e., related to the measurement equipment).",Analysis,"Physiological Noise, Filtering, Noise, Motion Correction, Accelerometer, Gyroscope, Inertial measurement Unit (IMU), Low-Pass Filter, High-Pass Filter, Band Pass Filter, baseline shift, baseline drift",,,"<p></p><a href=""https://doi.org/10.3389/fnins.2012.00147
"" target=""_blank"">https://doi.org/10.3389/fnins.2012.00147
</a><p></p><a href=""https://doi.org/10.1016/j.neuroimage.2013.04.082
"" target=""_blank"">https://doi.org/10.1016/j.neuroimage.2013.04.082
</a>", , , ,Ann-Christine Ehlis," Qianqian Fang, David Moreau, Aahana Bajracharya Agnes Kroczek, Franziska Klein, Vanessa Reindl, Chia-Chuan Yu, Edgar Guevara, Murat Can Mutlu, Felix Scholkmann, Jessica Gemignani, Mahmoud Elsherif, Christian Gerloff, Samuel Forbes, Abi Fiske, Meryem Ayşe Yücel, Anastasia Kerr-German",Complete (agreement from at least 5 team members)
Band-pass filtering,"A band-pass filter is a combination of a low-pass and a high-pass filter and has the effect of attenuating frequencies above and below the passband frequencies. In the context of fNIRS, band-pass filtering is used as a signal processing step to reduce undesired fNIRS signal frequency components that are irrelevant to the brain functions of interest, i.e. task or stimulus evoked hemodynamic responses or resting-state hemodynamics. ",Analysis,"high-pass filtering, low-pass filtering, wavelet, temporal filtering",bpf,filtering,"<p></p><a href=""https://doi.org/10.3389/fnhum.2019.00331
"" target=""_blank"">https://doi.org/10.3389/fnhum.2019.00331
</a><p></p><a href=""https://doi.org/10.1542/peds.2015-2326
"" target=""_blank"">https://doi.org/10.1542/peds.2015-2326
</a><p></p><a href=""http://dx.doi.org/10.1136/adc.76.2.151 
"" target=""_blank"">http://dx.doi.org/10.1136/adc.76.2.151 
</a><p></p><a href=""https://doi.org/10.3389/fnhum.2013.00864 
"" target=""_blank"">https://doi.org/10.3389/fnhum.2013.00864 
</a>", ,, ,Anastasia Kerr-German," Franziska Klein, Talukdar Raian Ferdous, Chia-Chuan Yu, Felix Scholkmann, Ishara Paranawithana, Paola Pinti, Jason DeFreitas, Christian Gerloff, Samuel Forbes, Meryem Ayşe Yücel,Qianqian Fang, Anastasia Kerr-German",Complete (agreement from at least 5 team members)
Baseline Drift,"A baseline drift refers to a gradual change or deviation in a signal’s behavior or output over time. Changes in the contact between the sensors and the scalp, temperature variations, instrument instability, and other variables can all contribute to this change.",Analysis,"Motion artifact, baseline shift",,Signal drift,"<a href=""https://doi.org/10.3389/fnhum.2015.00617"" target=""_blank"">https://doi.org/10.3389/fnhum.2015.00617</a>",,"Trend, detrending",,Talukdar Raian Ferdous ,"Sara Sanchez-Alonso, Meryem Ayşe Yücel, Hamid Dehghani, Qianqian Fang, Felix Scholkmann",Complete (agreement from at least 5 team members)
Baseline Shift,"A baseline shift is an artifact in the signal that specifically refers to a rapid change in the amplitude of the signal, typically taking a few seconds or less, which results in a discontinuity in the signal. For example, when an optode moves relative to the scalp and fails to return to its original position, this will create a baseline shift in the signal. ",Analysis,"artifact, spikes, motion artifacts, noise, baseline drift",,"shift artifacts, step-like artifacts","<a href="" https://doi.org/10.1109/EMBC46164.2021.9631014"" target=""_blank""> https://doi.org/10.1109/EMBC46164.2021.9631014</a><p></p><a href=""https://doi.org/10.3389/fnins.2012.00147
"" target=""_blank"">https://doi.org/10.3389/fnins.2012.00147
</a><p></p><a href=""https://doi.org/10.3390/brainsci11050606
"" target=""_blank"">https://doi.org/10.3390/brainsci11050606
</a>", , , ,Meryem Ayşe Yücel," Vanessa Reindl, David Moreau, Talukdar Raian Ferdous, Chia-Chuan Yu, Felix Scholkmann, Ishara Paranawithana, Jason DeFreitas, Jessica Gemignani, Mahmoud Elsherif, Christian Gerloff, Abi Fiske, Qianqian Fang, Anastasia Kerr-German",Complete (agreement from at least 5 team members) 
BIDS,"The Brain Imaging Data Structure (BIDS) is a standardized format for organizing and describing neuroimaging data such as fMRI, EEG, fNIRS as well as behavioral data, among others, making it accessible to and shareable with a wide range of researchers from diverse backgrounds. It is based on a formalized file and folder structure and JSON (Javascript Object Notation)-based metadata files with controlled vocabulary. The top-level directory contains subdirectories for each subject, and each subject directory contains subdirectories for each session and modality. It includes the core specification as well as extensions for specific brain imaging modalities and other types of data. (https://bids.neuroimaging.io/)",Analysis,"SNIRF, Open Science, Open Data, Data Structure, Standardization",BIDS,,"<a href=""https://doi.org/10.1038/sdata.2016.44"" target=""_blank"">https://doi.org/10.1038/sdata.2016.44</a><p></p><a href=""https://doi.org/10.1117/1.NPh.10.2.023515
"" target=""_blank"">https://doi.org/10.1117/1.NPh.10.2.023515
</a><p></p><a href=""https://doi.org/10.1162/imag_a_00103
"" target=""_blank"">https://doi.org/10.1162/imag_a_00103
</a><p></p><a href=""https://doi.org/10.31219/osf.io/7nmcp
"" target=""_blank"">https://doi.org/10.31219/osf.io/7nmcp
</a><p></p>
", , , ,Beatrix Barth,"Gregoire Vergotte, Kim Meidenbauer, Agnes Kroczek, Franziska Klein, Ali Rahimpour Jounghani, Talukdar Raian Ferdous, Chiara Bulgarelli, Divya Jain Laura Diprossimo, Meryem Ayşe Yücel, Qianqian Fang",Complete (agreement from at least 5 team members)
Block average,A block average is the response obtained from segmenting the fNIRS measurement with respect to the task or stimulus onset and offset and averaging these segments across trials of a given condition. The time window for block averaging usually starts with a baseline period and is long enough to capture the hemodynamic response to the stimulus presented. Block averaging can be done on the single-subject level or/and on the group level.,Analysis,"block design, event-related averaging",,,"<p></p><a href=""https://doi.org/10.1117/1.NPh.8.2.025008
"" target=""_blank"">https://doi.org/10.1117/1.NPh.8.2.025008
</a><p></p><a href=""https://doi.org/10.1016/j.dcn.2010.07.004
"" target=""_blank"">https://doi.org/10.1016/j.dcn.2010.07.004
</a><p></p><a href=""https://doi.org/10.1111/nyas.13948
"" target=""_blank"">https://doi.org/10.1111/nyas.13948
</a><p></p><a href=""	https://doi.org/10.1117/1.2166632
"" target=""_blank"">	https://doi.org/10.1117/1.2166632
</a>", , , ,Jessica Gemignani," Aahana Bajracharya Agnes Kroczek, Franziska Klein, Chia-Chuan Yu, Felix Scholkmann, Christian Gerloff, Katharina Stute, Meryem Ayşe Yücel",Complete (agreement from at least 5 team members) 
Boxcar function,"The boxcar function is a function which has values 0 everywhere except for specific time window(s) where its value is a constant. With respect to experimental studies, the boxcar function serves as a representation of time periods during which specific events occur (e.g., a stimulus or a nuisance factor). The function typically takes a rectangular form with a value of 1 when the event is 'on' with a width equal to the duration of the stimulus and 0 when the event is 'off'. In data analysis (e.g., General Linear Model), the boxcar function is used to model the experimental design or any other relevant binary (on/off) regressor or factor. In these use-cases, a value of 0 usually corresponds to the absence of the factor (e.g., no stimulation or “off” state, i.e., interstimulus interval), and a value of 1 corresponds to the presence of the factor (e.g., stimulus presentation or “on” state, i.e., stimulus block).",Analysis,"regressor, general linear model, block design, design matrix",,,"<a href=""https://doi.org/10.1016/B978-012372560-8/50003-6"" target=""_blank"">https://doi.org/10.1016/B978-012372560-8/50003-6</a><p></p><a href=""https://doi.org/10.1016/B978-012372560-8/50014-0 
"" target=""_blank"">https://doi.org/10.1016/B978-012372560-8/50014-0 
</a><p></p><a href=""https://doi.org/10.1006/nimg.1998.0351
"" target=""_blank"">https://doi.org/10.1006/nimg.1998.0351
</a><p></p>
", , , ,Judit Gervain," Franziska Klein, Thomas Dresler; Christina Artemenko, Jessica Gemignani, Aahana Bajracharya, Christian Gerloff, Meryem Ayşe Yücel, Felipe Orihuela-Espina, Qianqian Fang, Usama A Syed, M. Atif Yaqub, Katharina Stute, Samuel Montero-Hernandez, Gregoire Vergotte, Franziska Klein, Ann-Christine Ehlis, ",Complete (agreement from at least 5 team members) 
Butterworth filter," Butterworth filter is a type of Infinite Impulse Response (IIR) filter characterized by a maximally flat response in the passband (the frequencies that can pass through the filter) and a gradual roll-off in the stopband, the steepness of which depends on the order of the filter. The passband is defined by the cut-off frequency. The equivalent Finite Impulse Response (FIR) filter can be obtained using the bilinear transform.
",Analysis,"filter, Cut-off frequency, Chebishev filter",,,"<a href=""https://doi.org/10.1109/78.678493 https://doi.org/10.1016/B978-0-12-818946-7.00001-9"" target=""_blank"">https://doi.org/10.1109/78.678493 https://doi.org/10.1016/B978-0-12-818946-7.00001-9</a>",(if applicable) ,(if applicable) ,(if applicable) ,Paola Pinti,"Usama A Syed, Samuel Forbes, Meryem Ayşe Yücel, Anastasia Kerr-German, Felipe Orihuela-Espina", Complete (agreement from at least 5 team members)
Chebyshev filter,"A Chebyshev filter is a type of Infinite Impulse Response (IIR) filter that provides a specific trade-off between the sharpness of the filter's frequency response and the amount of ripple allowed in either the passband or the stopband. It is designed to achieve a steeper roll-off and smaller absolute errors than a Butterworth filter but at the expense of increased ripple in the frequency response. The equivalent Finite Impulse Response (FIR) filter can be obtained using the bilinear transform.
",Analysis,"filter, Butterworth filter ",,,"<a href=""https://doi.org/10.1002/cta.4490080205"" target=""_blank"">https://doi.org/10.1002/cta.4490080205</a>",(if applicable) ,(if applicable) ,(if applicable) ,Usama A Syed,"Samuel Forbes, Felipe Orihuela-Espina, Qianqian Fang, Samuel Montero-Hernandez", Open for review
Coefficient of variation,"The coefficient of variation (CV) is the ratio of the standard deviation of a signal to its mean value. In the context of fNIRS analyses, CV is often used to detect channels with poor signal quality.  ",Analysis,"Data quality assessment, scalp coupling index, signal quality metrics, noisy channels, channel rejection, Signal-to-noise-ratio (SNR) ",CV,,"<a href=""https://doi.org/10.1016/j.chemolab.2013.07.007"" target=""_blank"">https://doi.org/10.1016/j.chemolab.2013.07.007</a>", , , ,Renato Orti,"Gregoire Vergotte, David Moreau, Franziska Klein, Hanieh Zainodini, Felix Scholkmann, Ishara Paranawithana, Christian Bartkowski, Jessica Gemignani, Chia-Chuan Yu, Christian Gerloff, Meryem Ayşe Yücel",Complete (agreement from at least 5 team members)
Contrast-to-noise ratio (CNR),"The contrast-to-noise ratio (CNR) is the detection sensitivity per sampling unit. In the context of fNIRS, this can refer to the ratio of the amplitude variation $\\delta I$ of a hemodynamic response to the level of noise $ \\sigma $in the data, i.e. CNR = $frac{\\delta I}{\\sigma} $or in the context of general image data analysis, it can refer to the average signal/intensity recovered in a selected region-of-interest (ROI) subtracting that of the background region, and divided by the spatial variations of the recovered image data in either the background or ROI.",Analysis,"signal-to-noise ratio, noise",CNR,,"<a href=""https://doi.org/10.1117/1.NPh.8.1.012101"" target=""_blank"">https://doi.org/10.1117/1.NPh.8.1.012101</a><p></p><a href=""https://doi.org/10.1117/1.1852553
"" target=""_blank"">https://doi.org/10.1117/1.1852553
</a><p></p>Wang, L. V., & Wu, H.-I. (2007). Biomedical Optics: Principles and Imaging. John Wiley & Sons
<p></p>Patterson MS and Foster FS, “The improvement and quantitative assessment of b-mode images produced by an annular array/cone hybrid,” Ultrasonic Imaging, vol. 5, no. 3, pp. 195–213, 1983.
<p></p>Davies, E. R. (2004). Machine vision: theory, algorithms, practicalities. Elsevier.
<p></p>Digital Image Processing (3rd Edition)February 2006. Gonzalez and Woods. Prentice-Hall
<p></p>
", , , ,Heidrun Wabnitz," Talukdar Raian Ferdous, Edgar Guevara, Felix Scholkmann, Usama A Syed, Meryem Ayşe Yücel, Qianqian Fang, Felipe Orihuela-Espina, Anastasia Kerr-German",Complete (agreement from at least 5 team members) 
Cross-chromophore test,"Cross-chromophore test is an evaluation strategy for prediction models that builds on the ability of NIRS to measure multiple chromophores. As a type of out-of-distribution test, it tests for generalization across chromophores by reserving all records of one chromophore for training while using the other chromophore exclusively to quantify the model’s predictive capacities.",Analysis,,CCT,,"<p></p><a href=""https://doi.org/10.1007/978-3-031-17899-3_15,
"" target=""_blank"">https://doi.org/10.1007/978-3-031-17899-3_15,
</a><p></p><a href=""https://doi.org/10.1002/hbm.25966
"" target=""_blank"">https://doi.org/10.1002/hbm.25966
</a>", , , ,Christian Gerloff," Talukdar Raian Ferdous, Usama A Syed, Anastasia Kerr-German",Open for review
Cut-off frequency,"The cut-off frequency is usually defined as the frequency at which the gain of a filter is reduced by 3-dB from the passband gain. It defines the boundary between the passband and the stopband frequency regions of the filter, and hence the frequency components of the input signals that are preserved and attenuated. It is typically expressed in Hz.
",Analysis,"Bandpass filter, High-pass filter, Low-pass filter, Sampling frequency",Fc,,"Smith, S. W. (1997). The scientist and engineer's guide to digital signal processing.California Technical Publishing",(if applicable) ,(if applicable) ,(if applicable) ,"Paola Pinti, Qianqian Fang","Usama A Syed, Samuel Forbes, Sara Sanchez-Alonso, Meryem Ayşe Yücel, Anastasia Kerr-German, Felipe Orihuela-Espina", Complete (agreement from at least 5 team members)
Dynamic causal modeling,Dynamic causal modeling (DCM) is a Bayesian model comparison framework used to estimate the effective connectivity between brain regions. DCM models are based on stochastic estimation of the parameters of an underpinning assumed generative model. One common DCM model is the bilinear model based on ordinary differential equations. ,Analysis,Granger causality,DCM,,"<p></p><a href=""https://doi.org/10.1016/s1053-8119(03)00202-7   
"" target=""_blank"">https://doi.org/10.1016/s1053-8119(03)00202-7   
</a><p></p><a href=""https://doi.org/10.1016/j.neuroimage.2015.02.035
"" target=""_blank"">https://doi.org/10.1016/j.neuroimage.2015.02.035
</a><p></p><a href=""https://doi.org/10.1016/j.neuroimage.2018.04.022 
"" target=""_blank"">https://doi.org/10.1016/j.neuroimage.2018.04.022 
</a><p></p><a href=""https://doi.org/10.1016/j.schres.2020.11.012
"" target=""_blank"">https://doi.org/10.1016/j.schres.2020.11.012
</a>", , , ,"Haiyan Kong, Felipe Orihuela-Espina","Gregoire Vergotte, David Moreau, Felix Scholkmann, Ishara Paranawithana, Mahmoud Elsherif, Christian Gerloff, Anastasia Kerr-German, Felipe Orihuela-Espina",Complete (agreement from at least 5 team members) 
Dynamic Functional Connectivity,"Dynamic Functional Connectivity (dFC) also called time-varying connectivity, refers to the changes in functional connectivity over time. In contrast to conventional steady state connectivity analyses, dFC analysis aims to capture the dynamic nature of brain activity and the flexible reorganization of functional coupling between brain regions or networks that occur in response to changes in task demands, environmental stimuli, or at rest. 
",Neuroscience,static connectivity,dFC,,"<a href=""https://doi.org/10.1007/s10334-010-0197-8"" target=""_blank"">https://doi.org/10.1007/s10334-010-0197-8</a><p></p><a href=""https://doi.org/10.1162/netn_a_00116
"" target=""_blank"">https://doi.org/10.1162/netn_a_00116
</a><p></p><a href=""https://pubmed.ncbi.nlm.nih.gov/20006716/
"" target=""_blank"">https://pubmed.ncbi.nlm.nih.gov/20006716/
</a><p></p><a href=""https://www.ncbi.nlm.nih.gov/pmc/articles/PMC3807588/
"" target=""_blank"">https://www.ncbi.nlm.nih.gov/pmc/articles/PMC3807588/
</a><p></p><a href=""https://doi.org/10.1007/s00429-013-0634-3
"" target=""_blank"">https://doi.org/10.1007/s00429-013-0634-3
</a>", , , ,Aykut Eken," Gregoire Vergotte, Talukdar Raian Ferdous, Murat Can Mutlu, Chiara Bulgarelli, Ishara Paranawithana, David Mehler, Lauren Emberson, Aahana Bajracharya, Lenaic Borot, Christian Gerloff, Meryem Ayşe Yücel, Felipe Orihuela-Espina",Complete (agreement from at least 5 team members) 
International 10-20 system,"The International 10-20 system is a system that uses four anatomical landmarks on the head (nasion, inion, and left and right preauricular points) to standardize the placement of electroencephalography (EEG) electrodes on the scalp. In this system the placement of 21 individual electrodes are determined by their distances from the landmarks, defined as the percent of the total distance (from nasion to inion and from right to left preauricular points). 10% defines the distance between the first electrode and the anatomical landmark, and 20% defines the distance between the adjacent electrodes. The International 10-20 system and its more fine-grained successors (such as 10-10, 10-5) are important in clinical and research EEG. In fNIRS research it is sometimes used to define optode positions and corresponding cortical structures.",Analysis,"International 10-5 system; International 10-10 system, Landmark",,,"Jasper, H.H. (1958) The Ten-Twenty Electrode System of the International Federation. Electroencephalography and Clinical Neurophysiology, 10, 371-375.<p></p><a href=""https://doi.org/10.1016/j.neuroimage.2009.02.006
"" target=""_blank"">https://doi.org/10.1016/j.neuroimage.2009.02.006
</a><p></p><a href=""https://doi.org/10.1016/j.neuroimage.2003.08.026
"" target=""_blank"">https://doi.org/10.1016/j.neuroimage.2003.08.026
</a>", , , ,"Thomas Dresler, Meryem Ayşe Yücel"," Lenaic Borot; Gregoire Vergotte David Moreau, Franziska Klein; Mahmoud Elsherif, Chia-Chuan Yu, Murat Can Mutlu, Felix Scholkmann, Jason DeFreitas, SImone Cutini, Christian Gerloff, Samuel Forbes",Complete (agreement from at least 5 team members) 
Fiducial Marker,"Fiducials are usually referred to as physical attachments, insertions, or digital markers, often positioned at  well-defined locations with strong detectable signals in the acquired experimental data or auxiliary measurements. Fiducials are typically used for facilitating the localization of sensors and co-registration between probes and anatomical structures.",Analysis,"Coordinate system, Vitamin E capsules, Digitizer",,"Fiducial landmark, Fiducial","<a href=""https://bids-specification.readthedocs.io/en/stable/04-modality-specific-files/11-near-infrared-spectroscopy.html "" target=""_blank"">https://bids-specification.readthedocs.io/en/stable/04-modality-specific-files/11-near-infrared-spectroscopy.html </a>", , , ,"Qianqian Fang, Sara Sanchez-Alonso"," Meryem Ayşe Yücel, Samuel Montero-Hernandez",Open for review
Field of View,"The field-of-view (FOV) is the extent of tissue that can be effectively captured by a certain fNIRS probe configuration. It determines the region that the optode array is sensitive to.
",Analysis,coverage area,FOV,Resolution,"<p></p>
",(if applicable) ,(if applicable) ,(if applicable) ,Katharina Stute,"Paola Pinti, Samuel Forbes, Murat Can Mutlu, Franziska Klein, Sara Sanchez-Alonso",Complete (agreement from at least 5 team members)
Forward Model,"The forward model (y = Ax, where y is the simulated or measurement data, A is the sensitivity matrix, and x is the changes in optical properties) for fNIRS describes the relationship between the changes in optical density measured by source-detector pairs on the scalp and the changes in optical properties in the underlying brain tissue. Photon migration is simulated for any given source and detector pair using a segmented head model, typically with 5 tissue types. The result is the so-called sensitivity matrix (A) or Jacobian matrix. The rows of the sensitivity matrix (A) represent each source-detector pair's sensitivity to the underlying absorption changes. This sensitivity matrix (A) can be used to solve the inverse problem in the Diffuse Optical Tomography image reconstruction process.",Analysis,"Forward Problem, Inverse Problem, Diffuse optical tomography, Sensitivity matrix, ",,,"<a href=""https://doi.org/10.1016/j.neuroimage.2009.07.033"" target=""_blank"">https://doi.org/10.1016/j.neuroimage.2009.07.033</a><p></p><a href=""https://doi.org/10.34133/2022/9850248 
"" target=""_blank"">https://doi.org/10.34133/2022/9850248 
</a>", , , ,Talukdar Raian Ferdous," David Moreau, Franziska Klein, Paola Pinti, Aahana Bajracharya, Guy Perkins, Meryem Ayşe Yücel",Complete (agreement from at least 5 team members)
Frame rate,Frequency at which frames are recorded in Hz.,Analysis,"sampling rate, Nyquist frequency",,Temporal resolution,"<p></p><a href=""https://doi.org/10.1117/1.nph.8.1.012101
"" target=""_blank"">https://doi.org/10.1117/1.nph.8.1.012101
</a>", , , ,OntoNIRS," Aahana Bajracharya, Ishara Paranawithana, Christian Gerloff, Samuel Forbes, Samuel Montero-Hernandez",Complete (agreement from at least 5 team members)
General linear model,"General linear model is a linear regression model that allows for analyzing data ( $\\gamma$ ) according to a given set of regressors often also referred to as predictors in the context of experiment design, ( $\\chi$ ) by estimating fit coefficients ( $\\beta$ ). The general equation of the GLM is:  $Y=X\\beta + \\varepsilon$. For fNIRS, $\\gamma$  is the time series of fNIRS measurements, $\\chi$ is the design matrix including all regressors, $\\beta$ is the coefficients to be estimated for each regressor,  and $\\varepsilon$ is the the error term which is assumed to be spherical Gaussian N(0,$\\sigma$). The model is typically solved via generalized ordinary least squares: 


$ \\beta = (X^TX)^{-1}X^TY $
$ cov(\\beta) = (X^TX)^{-1} $
In order for this solution to be the best linear unbiased estimate of the coefficients, the Gauss-Markov assumptions have to be fulfilled, namely linearity, random sampling, non-collinearity, strict exogeneity and spherical errors.
",Analysis,"Linear regression, Generalized Linear Mixed Model, regression",GLM,,"<a href=""https://doi.org/10.1007/978-1-59745-530-5_10"" target=""_blank"">https://doi.org/10.1007/978-1-59745-530-5_10</a>", ,regression, ,"OntoNIRS, Jessica Gemignani"," Aykut Eken, Paola Pinti, Jessica Gemignani, Mahmoud Elsherif, Samuel Forbes; Antonia Hamilton, Felipe Orihuela-Espina, Meryem Ayşe Yücel",Complete (agreement from at least 5 team members)
Hemodynamic response function," A hemodynamic response function (HRF) is a transfer function that models the hemodynamic changes in response to neural activity. The shape of the HRF is mediated by several non-neuronal factors (e.g. hematocrit, size and density of the vasculature) and can vary depending on the nature of the neural activity, the brain region as well as individual differences (e.g. age, disease). The HRF models can be fixed such as double-gamma HRF model, or more flexible such as FIR, or consecutive gaussians. The basic parameters of these models are the width, latency and amplitude that determine the shape of the HRF. ",Analysis,"Hemodynamic response; Gamma distribution; FIR Deconvolution; Canonical HRF; BOLD response, neurovascular coupling",HRF,,"<a href=""https://doi.org/10.1006/nimg.1998.0369"" target=""_blank"">https://doi.org/10.1006/nimg.1998.0369</a><p></p><a href=""https://doi.org/10.1007/s11682-020-00358-8
"" target=""_blank"">https://doi.org/10.1007/s11682-020-00358-8
</a><p></p><a href=""https://doi.org/10.1117%2F1.NPh.6.2.025009
"" target=""_blank"">https://doi.org/10.1117%2F1.NPh.6.2.025009
</a><p></p><a href=""https://doi.org/10.1016/j.neuroimage.2004.07.013
"" target=""_blank"">https://doi.org/10.1016/j.neuroimage.2004.07.013
</a><p></p><a href=""https://andysbrainbook.readthedocs.io/en/latest/fMRI_Short_Course/Statistics/03_Stats_HRF_Overview.html
"" target=""_blank"">https://andysbrainbook.readthedocs.io/en/latest/fMRI_Short_Course/Statistics/03_Stats_HRF_Overview.html
</a>", , , ,"Felix Scholkmann, Meryem Ayşe Yücel"," David Moreau, Franziska Klein, Ishara Paranawithana, Paola Pinti, Simone Cutini, Jessica Gemignani, Mahmoud Elsherif, Christian Gerloff, Abi Fiske, Meryem Ayşe Yücel",Complete (agreement from at least 5 team members)
High-pass filter,A high pass filter (HPF) allows the signal portion corresponding to high-frequency values alone to pass through it.,Analysis,"low-pass filter, filtering, preprocessing, low frequency oscillations, noise, bandpass filter",hpf,,"<a href=""https://www.sciencedirect.com/topics/engineering/high-pass-filter"" target=""_blank"">https://www.sciencedirect.com/topics/engineering/high-pass-filter</a><p></p>Implementation of Smart Healthcare Systems using AI, IoT, and Blockchain, 2023
", , , ,Meryem Ayşe Yücel (from Science Direct)," Franziska Klein, Chia-Chuan Yu, Ishara Paranawithana, Sara Sanchez-Alonso, Meryem Ayşe Yücel",Complete (agreement from at least 5 team members) 
Image Reconstruction,"Image reconstruction in functional near-infrared spectroscopy (fNIRS) is the process of generating 2D or 3D spatially varying images of the hemodynamic response in the brain using recorded signals from fNIRS optodes on the scalp, typically using a head model as a spatial prior (either subject-specific or atlas-based), often referred to as Diffuse Optical Tomography (DOT). This is an approach for image reconstruction in fNIRS, which uses a computational model of light propagation within the head (forward problem) to estimate the distribution of hemodynamic changes that give rise to the measured signal (inverse problem). The forward problem and inverse problem are two important steps in image reconstruction. The forward problem refers to the calculation of the distribution of light propagation (Intensity, Phase, Time of Flight) in the head, given the distribution of the light sources and detectors on the scalp while the inverse problem refers to the estimation of the hemodynamic response in the brain tissue from the measured signal.",Analysis,"Diffuse Optical Tomography, Forward problem, inverse problem",,,"<a href=""https://doi.org/10.1117/1.NPh.8.1.012101"" target=""_blank"">https://doi.org/10.1117/1.NPh.8.1.012101</a><p></p><a href=""https://doi.org/10.1117/1.NPh.8.2.025010
"" target=""_blank"">https://doi.org/10.1117/1.NPh.8.2.025010
</a><p></p><a href=""https://doi.org/10.1364/OE.17.020178
"" target=""_blank"">https://doi.org/10.1364/OE.17.020178
</a><p></p><a href=""https://doi.org/10.1117/1.JBO.22.12.125001
"" target=""_blank"">https://doi.org/10.1117/1.JBO.22.12.125001
</a><p></p><a href=""https://doi.org/10.1016/j.neuroimage.2013.03.069
"" target=""_blank"">https://doi.org/10.1016/j.neuroimage.2013.03.069
</a><p></p><a href=""https://doi.org/10.34133/2022/9850248 
"" target=""_blank"">https://doi.org/10.34133/2022/9850248 
</a>", , , ,"Samuel Forbes, Talukdar Raian Ferdous"," David Moreau, Talukdar Raian Ferdous, Aahana Bajracharya, Hanieh Zainodini, Samuel Forbes, Meryem Ayşe Yücel, Hamid Dehghani ",Complete (agreement from at least 5 team members)
Independent Component Analysis,"Independent component analysis (ICA) is a blind source separation method which separates a multivariate data (e.g., fNIRS signal) into statistically independent components which are assumed to be statistically independent from each other and have a non-gaussian distribution. Different types of ICA are available (e.g. linear and non-linear ICAs). The removal of physiological noise (such as heart rate and respiration) and motion artifacts, as well as the identification of neuronal activity sources, have been demonstrated to be effectively achievable in fNIRS data using ICA.",Analysis,"Principal Component Analysis, Cocktail Party Problem, Central limit theorem, noise removal, functional connectivity",ICA,,"<p></p><a href=""https://doi.org/10.3389/fninf.2021.683735
"" target=""_blank"">https://doi.org/10.3389/fninf.2021.683735
</a><p></p><a href=""https://doi.org/10.1016/0165-1684%2894%2990029-9
"" target=""_blank"">https://doi.org/10.1016/0165-1684%2894%2990029-9
</a><p></p><a href=""https://doi.org/10.1109/embc.2013.6611118
"" target=""_blank"">https://doi.org/10.1109/embc.2013.6611118
</a><p></p><a href=""https://doi.org/10.1098/rsta.2011.0534
"" target=""_blank"">https://doi.org/10.1098/rsta.2011.0534
</a><p></p><a href=""https://doi.org/10.1063/1.4812785 
"" target=""_blank"">https://doi.org/10.1063/1.4812785 
</a><p></p><a href=""https://doi.org/10.1016/j.neuroimage.2010.02.080 
"" target=""_blank"">https://doi.org/10.1016/j.neuroimage.2010.02.080 
</a><p></p>
", , , ,Michael Lührs," Aahana Bajracharya, Franziska Klein, Aykut Eken, Chia-Chuan Yu, Ishara Paranawithana, Talukdar Raian Ferdous, Simone Cutini, Mahmoud Elsherif, Meryem Ayşe Yücel, Felix Scholkmann, Anastasia Kerr-German",Complete (agreement from at least 5 team members)
Inverse problem,"In the framework of the forward problem (y = Ax,  where y is the simulated or measurement data, A is the sensitivity matrix, and x is the changes in optical properties), the goal of an inverse problem would be to reconstruct or infer the characteristics of the original signal source (e.g, changes in hemodynamic activity in the brain) based on the measured signal (e.g., changes in optical intensity). This model is often expressed as an inverse operator or transform, which maps the unknowns to the observed data. However, due to the possibilities of multiple solutions or uncertainties, inverse problems often tend to be ill-posed. ",Analysis,"Forward model, Forward problem, Inverse problem, Image Reconstruction",,,"<a href=""https://doi.org/10.34133/2022/9850248 "" target=""_blank"">https://doi.org/10.34133/2022/9850248 </a>", , , ,Aahana Bajracharya," David Mehler, Lauren Emberson, Sara Sanchez-Alonso, Anastasia Kerr-German, Meryem Ayşe Yücel",Complete (agreement from at least 5 team members)
Lab Streaming Layer,"The lab streaming layer (LSL) is an open source software framework which allows exchanging data streams (e.g., time series data between programs and devices) in real time using a local network instead of a trigger cable. This streaming of time-series data (e.g. fNIRS, EEG) allows for multi-modal time-synchronization. LSL is supported by various NIRS hardware devices, acquisition programs as well as presentation softwares. The core transport library of LSL is liblsl and it is applicable to different language interfaces (C, C++, Python, Java, C#, MATLAB) and platforms.",Analysis,"real-time processing, multimodal time-synchronization",LSL,,"<a href=""https://doi.org/10.34133/2022/9850248 "" target=""_blank"">https://doi.org/10.34133/2022/9850248 </a>", , , ,Agnes Kroczek,"Gregoire Vergotte, Lenaic Borot David Moreau, Franziska Klein, Talukdar Raian Ferdous, Chia-Chuan Yu, Meryem Ayşe Yücel",Complete (agreement from at least 5 team members) 
Low-pass filter,"Low-pass filters are used to keep signal frequencies below a certain frequency threshold by attenuating signals above this threshold. As low-pass filters remove high-frequency content of a given signal (e.g., cardiac oscillations or instrument noise) they have the effect of smoothing the signal.",Analysis,"High-pass filter, Band-pass filter, preprocessing, noise",LPF,,"Luck, S. J. (2014). An introduction to the event-related potential technique. MIT press. ", , , ,Jason DeFreitas," Mahmoud Elsherif, Franziska Klein, Murat Can Mutlu, Chia-Chuan Yu, Samuel Forbes, Meryem Ayşe Yücel",Complete (agreement from at least 5 team members)
Mixed-effects model,"Mixed-effects model is a statistical model containing both fixed effects and random effects. In contrast to fixed effects, mixed effects models contain one or more random effects to each fixed effect, which can consist of random intercepts and random slopes. Equation of a mixed-effects model is given below:					$ y = \\chi \\beta + Zu + epsilon $
$y$ : The dependent variable or response variable being modeled
$\\chi$: The design matrix of fixed effects 
$\\beta$: Fixed-effect regression coefficients
$Z$: The design matrix of random effects
$u$: Random effects regression coefficients
$\\epsilon$ The residual error or noise in the model 
",Analysis,"High-pass filter, Band-pass filter, preprocessing, noise",ME,General Linear mixed models ,"<a href=""https://doi.org/10.1007/BF00140873"" target=""_blank"">https://doi.org/10.1007/BF00140873</a><p></p>Winter, B. (2019). Statistics for linguists: An introduction using R. Routledge.
<p></p><a href=""https://doi.org/10.18637/jss.v067.i01
"" target=""_blank"">https://doi.org/10.18637/jss.v067.i01
</a><p></p>Seltman, Howard J. ""Experimental Design and Analysis."" (2018)
", , , ,Hendrik Santosa," Felipe Orihuela-Espina, Mahmoud Elsherif, Jessica Gemignani, Talukdar Raian Ferdous, Samuel Forbes, Anastasia Kerr-German",Complete (agreement from at least 5 team members)
Motion artifact,"Motion artifacts are changes in the signal caused by the movements of the subject being measured. In the context of fNIRS, one major cause of motion artifacts is the scalp-optode decoupling due to head or skin movement. Such a decoupling can cause high-frequency spikes in the signal if the optode recouples with the scalp at the same location, or it can create baseline shifts in the signal if the optode settles on a different location on the scalp after the motion. Motion artifacts can significantly reduce the quality of the fNIRS data making it challenging to estimate underlying hemodynamic changes.",Analysis,"artifact correction, preprocessing, artifact, noise",,"movement artifact, movement artifact, body movement, body artifact, optode movement",, , , ,Meryem Ayşe Yücel," Aahana Bajracharya, Margaret Chojak, Franziska Klein, Oliver Seidel-Marzi, Chiara Bulgarelli, Chia-Chuan Yu, Abi Fiske, Felix Scholkmann",Complete (agreement from at least 5 team members)
Motion correction,"Motion correction refers to the strategy that corrects the data contaminated by motion artifacts. In fNIRS data analysis, two types of motion correction techniques are available: those that rely on a prior motion detection algorithm which typically requires parameter tuning, and those that correct motion artifacts in a fully automated manner. ",Analysis,"Artifact, Accelerometer, Gyroscope, Inertial measurement Unit (IMU)",,"Motion removal, motion scrubbing, motion censoring, denoising","<p></p>fNIRS / DOT:
<p></p><a href=""https://doi.org/10.1016/j.neuroimage.2013.04.082
"" target=""_blank"">https://doi.org/10.1016/j.neuroimage.2013.04.082
</a><p></p><a href=""https://doi.org/10.1117/1.NPh.5.1.015003
"" target=""_blank"">https://doi.org/10.1117/1.NPh.5.1.015003
</a><p></p><a href=""https://doi.org/10.1117/1.NPh.7.1.015001
"" target=""_blank"">https://doi.org/10.1117/1.NPh.7.1.015001
</a><p></p><a href=""https://doi.org/10.1088/0967-3334/33/2/259
"" target=""_blank"">https://doi.org/10.1088/0967-3334/33/2/259
</a><p></p><a href=""https://doi.org/10.1002/hbm.25111
"" target=""_blank"">https://doi.org/10.1002/hbm.25111
</a><p></p><a href=""https://doi.org/10.1142/S1793545813500661
"" target=""_blank"">https://doi.org/10.1142/S1793545813500661
</a><p></p><a href=""https://doi.org/10.1117/1.1852552
"" target=""_blank"">https://doi.org/10.1117/1.1852552
</a><p></p><a href=""https://doi.org/10.1016/j.neuroimage.2019.116472
"" target=""_blank"">https://doi.org/10.1016/j.neuroimage.2019.116472
</a><p></p><a href=""https://doi.org/10.1016/j.neuroimage.2019.06.056
"" target=""_blank"">https://doi.org/10.1016/j.neuroimage.2019.06.056
</a><p></p><a href=""https://doi.org/10.1088/0967-3334/31/5/004
"" target=""_blank"">https://doi.org/10.1088/0967-3334/31/5/004
</a><p></p>
<p></p>
<p></p>
<p></p>fMRI:
<p></p><a href=""https://doi.org/10.52294/apertureneuro.2022.2.nxor2026
"" target=""_blank"">https://doi.org/10.52294/apertureneuro.2022.2.nxor2026
</a><p></p><a href=""https://doi.org/10.1002/hbm.24635
"" target=""_blank"">https://doi.org/10.1002/hbm.24635
</a><p></p><a href=""https://doi.org/10.1016/j.neuroimage.2005.05.058
"" target=""_blank"">https://doi.org/10.1016/j.neuroimage.2005.05.058
</a><p></p><a href=""https://doi.org/10.1073/pnas.1720985115
"" target=""_blank"">https://doi.org/10.1073/pnas.1720985115
</a><p></p><a href=""https://doi.org/10.1002/hbm.22307
"" target=""_blank"">https://doi.org/10.1002/hbm.22307
</a><p></p><a href=""https://doi.org/10.1016/j.neuroimage.2011.02.073 (infants)
"" target=""_blank"">https://doi.org/10.1016/j.neuroimage.2011.02.073 (infants)
</a>", , , ,Aahana Bajracharya ," Lenaic Borot, David Moreau, Agnes Kroczek, Franziska Klein, Chia-Chuan Yu, Edgar Guevara, Aahana Bajracharya, Christian Gerloff, Abi Fiske, Rickson Mesquita, Felipe Orihuela-Espina, Meryem Ayşe Yücel", Complete (agreement from at least 5 team members)
Motion artifact identification,"Motion artifact identification refers to the algorithms that are used to find data points in the fNIRS signals affected by motion artifacts. The available motion identification methods are typically based on detecting large variance in the fNIRS recordings e.g., data points exceeding a certain threshold of the standard deviation and/or amplitude of the fNIRS signal within a predefined time window. Motion identification algorithms generally require fine tuning the thresholds of signal variance.",Analysis,"Artifact, Motion correction",,Motion artifact detection,"<a href=""https://doi.org/10.3389/fnins.2012.00147"" target=""_blank"">https://doi.org/10.3389/fnins.2012.00147</a>", , , ,Paola Pinti," Abi Fiske, Sara Sanchez-Alonso, Meryem Ayşe Yücel, Rickson Mesquita, Felix Scholkmann",Complete (agreement from at least 5 team members)
Multi Distance,Multi distance refers to the use of multiple source-detector distances in a probe design.  ,Analysis,"High Density (HD), Ultra High Density (UHD), Channel, Probe configuration, Short-distance channel, Long-distance channel",MD,,"<a href=""https://doi.org/10.1117/1.NPh.2.1.015003"" target=""_blank"">https://doi.org/10.1117/1.NPh.2.1.015003</a>", , , ,Christian Bartkowski," Hanieh Zainodini, Chia-Chuan Yu, Sara Sanchez-Alonso, Meryem Ayşe Yücel, Samuel Montero-Hernandez",Complete (agreement from at least 5 team members)
Multi-channel,A multi-channel approach refers to the use of multiple emitters and detectors to simultaneously record brain activity across different loci. Multi-channel brain imaging techniques provide spatial maps of brain functions that are more informative compared to the single-channel approach.,Analysis,"Single-channel, Whole-head",-,,"<p></p><a href=""https://doi.org/10.1016/j.neuroimage.2013.06.062
"" target=""_blank"">https://doi.org/10.1016/j.neuroimage.2013.06.062
</a>", , , ,Usama A. Syed,"Gregoire Vergotte, Franziska Klein, Paola Pinti, Chia-Chuan Yu, Samuel Forbes, Sara Sanchez-Alonso, Meryem Ayşe Yücel, Anastasia Kerr-German, Felipe Orihuela-Espina",Complete (agreement from at least 5 team members)
Multiple Comparison Correction,"Multiple comparison correction is a range of statistical procedures that allows one to take into account the fact that several statistical inferences are being performed simultaneously which increases the probability of observing a significant result just due to chance. An example would be a channel-wise comparison between two conditions or between two time points. When performing multiple statistical tests, the risk of increase in false positives known as Type 1 error is controlled by using multiple comparison correction procedures such as Bonferroni method, the False Discovery Rate (FDR) and Benjamini-Hochberg method.",Analysis,"Bonferroni, FDR",-,multiplicity problem,"<a href="" https://doi.org/10.1016/j.neuroimage.2006.06.047"" target=""_blank""> https://doi.org/10.1016/j.neuroimage.2006.06.047</a><p></p><a href=""https://doi.org/10.1111/j.2517-6161.1995.tb02031.x
"" target=""_blank"">https://doi.org/10.1111/j.2517-6161.1995.tb02031.x
</a>", , , ,"Simone Cutini, Meryem Ayşe Yücel","Gregoire Vergotte, Murat Can Mutlu, Jessica Gemignani, Talukdar Raian Ferdous, Samuel Forbes, Meryem Ayşe Yücel",Complete (agreement from at least 5 team members) 
Noise,"Noise is any unwanted component(s) of the signal that masks the signal aimed to be captured, and/or reduces the quality of the signal aimed to be captured. It could originate from different sources such as physiological sources (e.g., due to cardiac and respiratory activity), motion (e.g., due to head movement), environment (e.g., sunlight), hardware (e.g., due to fluctuations in the light sources), or even experimental design and modeling (e.g. from assumptions).",Analysis,"physiological noise, systemic noise, instrument noise, artifact, motion artifact, uncertainty, residuals",,,"<a href=""https://doi.org/10.1088/0031-9155/55/13/009"" target=""_blank"">https://doi.org/10.1088/0031-9155/55/13/009</a><p></p><a href=""https://doi.org/10.1109/PROC.1967.5700
"" target=""_blank"">https://doi.org/10.1109/PROC.1967.5700
</a><p></p><a href=""https://doi.org/10.1002/0470841621.ch2
"" target=""_blank"">https://doi.org/10.1002/0470841621.ch2
</a><p></p><a href=""https://doi.org/10.3389/fnins.2020.00724
"" target=""_blank"">https://doi.org/10.3389/fnins.2020.00724
</a><p></p><a href=""https://doi.org/10.1063/1.4812785 
"" target=""_blank"">https://doi.org/10.1063/1.4812785 
</a>", , , ,Murat Can Mutlu," David Moreau, Agnes Kroczek, Franziska Klein, Chia-Chuan Yu, Murat Can Mutlu, Jason DeFreitas, Abi Fiske, Meryem Ayşe Yücel, Anastasia Kerr-German, Felipe Orihuela-Espina ",Complete (agreement from at least 5 team members) 
Noisy channels,"Noisy channel refers to a fNIRS channel of insufficient signal quality (i.e. signal-to-noise ratio) that may not or hardly allow to reliably examine hemodynamic activity. Noisy channels can be caused by several factors, including an insufficient light-tissue coupling, defects in the hardware components (e.g. optodes,cables, electrical circuits), or movement artifacts. In fNIRS signal processing, noisy channels are identified by either manual, semi-manual or automatic methods (e.g. by identifying noisy channels through exceeding a specific threshold of the standard deviation of the signal). ",Analysis,"scalp coupling index, peak spectral power, coefficient of variation, spikes, baseline shifts, signal quality, signal calibration, scalp-optode coupling",," aberrant channels, noisy channels","<p></p><a href=""https://doi.org/10.1364%2FBOE.7.005104
"" target=""_blank"">https://doi.org/10.1364%2FBOE.7.005104
</a><p></p><a href=""https://doi.org/10.1117/1.NPh.8.1.012101
"" target=""_blank"">https://doi.org/10.1117/1.NPh.8.1.012101
</a>",, , ,Christian Gerloff,"Gregoire Vergotte, Agnes Kroczek, Felix Scholkmann, Ishara Paranawithana, Paola Pinti, Chia-Chuan Yu, Meryem Ayşe Yücel",Complete (agreement from at least 5 team members)
Non-causal Filter,"A non-causal filter is a type of filter that depends not only on past and present time points but also integrates information of future time points of a given signal. This is in contrast to causal filters, which only use past and present samples to filter a signal. A typical implementation of a non-causal filter is a zero-phase filter which suppresses distortions such as phase delays which are commonly introduced by causal filters. Zero-phase filters are typically implemented by running a causal filter forward and backward over the data.  ",Analysis,"Causal filter, filtering, data preprocessing",,"Acausal filters, zero-phase filter","<p></p><a href=""https://doi.org/10.1016/j.neuron.2019.02.039
"" target=""_blank"">https://doi.org/10.1016/j.neuron.2019.02.039
</a><p></p><a href=""https://doi.org/10.1016/j.jneumeth.2012.06.011
"" target=""_blank"">https://doi.org/10.1016/j.jneumeth.2012.06.011
</a>", , , ,Franziska Klein," David Moreau. Felipe Orihuela-Espina, Meryem Ayşe Yücel",Open for review
Peak Spectral Power,"Peak spectral power (PSP) is a measure of the amplitude or strength of a frequency component that is most prominent in a particular frequency range or spectrum. Data, e.g. time series, images, etc, can be decomposed into spectral power by applying transformations such as the Fourier Transform. Within a pre-defined frequency band, spectral peak power can be detected. In the context of fNIRS signal quality assessment, the PSP is computed to complement the scalp coupling index in order to enhance signal quality assessment.",Analysis,"Peak Spectral Density, data quality assessment, scalp coupling index ",PSP,,"<a href=""https://doi.org/10.1117/1.NPh.8.4.041001"" target=""_blank"">https://doi.org/10.1117/1.NPh.8.4.041001</a>", , , ,Agnes Kroczek," David Moreau, Franziska Klein, Christian Gerloff, Katharina Stute, Meryem Ayşe Yücel, Felipe Orihuela-Espina",Complete (agreement from at least 5 team members)
Pre-coloring,"Pre-coloring replaces unknown fNIRS signal autocorrelation with autocorrelation of a known form. This involves the use of temporal smoothing with a smoothing kernel of known correlation structure. The reason for precoloring is to enforce that the signal complies with the assumption of the model that is used for statistical inference. For instance, the ordinary least squares solution to the general linear model assumes that the residuals are serially independent. If the residuals are serially dependent - as in the case of the fNIRS signal due to e.g. physiological fluctuations-, however, this will result in the underestimation of estimates of parameter standard deviations and thus overestimation of statistical significance. Please note that, precoloring, if not used properly, can lead to an overestimation of the true effect.  ",Analysis,"Pre-whitening, noise, GLM",,,"<a href=""https://doi.org/10.1002/1097-0193(200102)12:2%3C61::AID-HBM1004%3E3.0.CO;2-W"" target=""_blank"">https://doi.org/10.1002/1097-0193(200102)12:2%3C61::AID-HBM1004%3E3.0.CO;2-W</a><p></p><a href=""https://doi.org/10.1117/1.nph.3.1.010401
"" target=""_blank"">https://doi.org/10.1117/1.nph.3.1.010401
</a><p></p><a href=""https://doi.org/10.1016/j.neuroimage.2008.08.036
"" target=""_blank"">https://doi.org/10.1016/j.neuroimage.2008.08.036
</a>", , , ,"Gregoire Vergotte, Franziska Klein,  Meryem Ayşe Yücel"," Hanieh Zainodini, Paola Pinti, Jessica Gemignani, Anastasia Kerr-German, Felipe Orihuela-Espina",Complete (agreement from at least 5 team members)
Pre-processing,"Pre-processing refers to the various steps that transform the data prior to analysis (i.e. prior to e.g. general linear model or image reconstruction). Pre-processing of fNIRS data usually aims at reducing noise in the signal, such as motion artifacts and systemic physiology components.",Analysis,"noise, filtering, signal quality, artifact, SNR",,,"<p></p><a href=""https://doi.org/10.3389/fnhum.2018.00505
"" target=""_blank"">https://doi.org/10.3389/fnhum.2018.00505
</a><p></p><a href=""https://doi.org/10.1016/j.dcn.2021.100943
"" target=""_blank"">https://doi.org/10.1016/j.dcn.2021.100943
</a>", , , ,"Laura Diprossimo, Meryem Ayşe Yücel, Felipe Orihuela-Espina","Gregoire Vergotte, Lenaic Borot David Moreau Agnes Kroczek, Franziska Klein, Ishara Paranawithana, Murat Can Mutlu, Chia-Chuan Yu, Christian Gerloff,  Anastasia Kerr-German, Felipe Orihuela-Espina",Complete (agreement from at least 5 team members) 
Pre-whitening,"Pre-whitening is a technique used to eliminate autocorrelations from residuals in preparation for analysis with the General Linear Model (GLM), which is essential for fNIRS signals characterized by $\\frac{1}{f}$ noise—where noise power inversely correlates with frequency ($f$). This process involves applying a whitening filter W to make the noise distribution uniform, thereby minimizing errors in statistical models like GLM and reducing the False Discovery Rate. The whitening matrix W is derived iteratively by fitting the GLM, analyzing residuals, and estimating W through an autoregressive (AR) model fitted to these residuals. This model adjusts for noise structure by accounting for autocorrelation in the data, and its coefficients are used to construct W. The efficacy of W in reducing autocorrelation depends on the order of the AR model, which specifies the extent of autocorrelation it can address.",Analysis,"noise, pre-colouring, General Linear Model",,,"<p></p><a href=""https://doi.org/10.1117/1.jbo.22.5.055002
"" target=""_blank"">https://doi.org/10.1117/1.jbo.22.5.055002
</a><p></p><a href=""https://doi.org/10.1002/1097-0193(200102)12:2%3C61::AID-HBM1004%3E3.0.CO;2-W
"" target=""_blank"">https://doi.org/10.1002/1097-0193(200102)12:2%3C61::AID-HBM1004%3E3.0.CO;2-W
</a><p></p>DOI:10.1364/BOE.4.001366
", , , ,"Gregoire Vergotte, Jessica Gemignani"," Franziska Klein, Hanieh Zainodini, Jessica Gemignani, Anastasia Kerr-German, Samuel Montero-Hernandez, Meryem Yucel",Open for review
Principal component analysis,"Principal component analysis is a vector space transform that operates by transforming a set of correlated variables into a new set of uncorrelated and orthogonal variables called the principal components. The principal components are  ordered in terms of the variance they explain. That is, the first principal component represents, for a single dimension (i.e., a single variable), the greatest amount of variability in the original data set. Each subsequent orthogonal component accounts for as much of the remaining variability as possible subject to the required orthogonality. A common use for PCA is dimensionality reduction and/or filtering whereby subsequent to PCA, some of the components in the new coordinate bases are sacrificed.  In fNIRS analysis, PCA has been applied to address operations both during processing and analysis, e.g. for motion artifact correction, assuming that the greatest variance in the signal is explained by artifacts.",Analysis,"Motion Artifact Correction, Preprocessing, Factor Analysis, Noise",PCA,,"<p></p><a href=""https://doi.org/10.1201/9780203024058
"" target=""_blank"">https://doi.org/10.1201/9780203024058
</a>", , , ,"OntoNIRS, Felipe Orihuela-Espina"," Lenaic Borot David Moreau, Franziska Klein, Mahmoud Elsherif, Chia-Chuan Yu, Simone Cutini, Jessica Gemignani, Samuel Forbes, Meryem Ayşe Yücel, Anastasia Kerr-German,",Complete (agreement from at least 5 team members) 
Raw data,"Raw data is the unprocessed acquired data. For fNIRS systems, it refers to the light intensity (I) data.",Analysis,data acquisition,,,, , , ,OntoNIRS," Aykut Eken, Ishara Paranawithana, Hanieh Zainodini, Mahmoud Elsherif, Meryem Ayşe Yücel",Complete (agreement from at least 5 team members) 
Real-time,"Real-time defines that the acquisition and processing of data occurs during the recording within a relatively short period of  time. Although the term ‘real-time’ is used very frequently, these processes never actually take place in real-time, but only take place in batches of data. With a small batch size, these processes are perceived as real-time. In fNIRS, batch processing can be found, for instance, in some recording softwares (e.g., real-time channel quality assessment) or in the context of applications such as fNIRS-guided neurofeedback and brain computer interfaces. ",Analysis,"Neurofeedback, Brain Computer Interfaces, Lab Streaming Layer",rt,online,"<a href=""https://doi.org/10.1117%2F1.NPh.4.4.041504"" target=""_blank"">https://doi.org/10.1117%2F1.NPh.4.4.041504</a><p></p><a href=""https://doi.org/10.3389/fnins.2020.00346
"" target=""_blank"">https://doi.org/10.3389/fnins.2020.00346
</a><p></p><a href=""https://doi.org/10.3389/fnhum.2020.00113
"" target=""_blank"">https://doi.org/10.3389/fnhum.2020.00113
</a><p></p>
"," Real-time refers to the operations applied to the data -i.e., the acquisition, processing, and if appropriate, analysis- that occur within the time lapse between consecutive samples acquisition.", ," Martin, James, Programming real-time computer systems. (1933)","Michael Lührs, Felipe Orihuela-Espina (alternative definition)","Gregoire Vergotte, Lenaic Borot, Franziska Klein, Christian Gerloff, Felipe Orihuela-Espina, Meryem Ayşe Yücel",Complete (agreement from at least 5 team members)
Registration,"Registration is the process of spatially registering, i.e. matching, fNIRS optode locations on the head surface to an anatomical representation, including 3D images or meshes derived from the subject’s volumetric MRI, or an MRI atlas such as Talairach Atlas, MNI152 or Colin27. It is commonly called co-registration if the anatomical representation is the subject's volumetric MRI. Registration allows for estimating the spatial location of brain activities or anatomical features and correlating with the signals probed by spatially distributed channels, assisting the interpretation of the observed brain activities in the context of brain anatomy. There are a number of algorithms to perform this procedure, such as rigid-body based least-square fitting and iterative closest point (ICP) based approaches.",Analysis," 3D-Digitizer, 10-20 System, MNI template, head modeling",,"Spatial registration, Optode registration","<a href=""https://doi.org/10.1016/j.neuroimage.2013.07.025"" target=""_blank"">https://doi.org/10.1016/j.neuroimage.2013.07.025</a><p></p><a href=""https://doi.org/10.1109/TMI.2007.892508
"" target=""_blank"">https://doi.org/10.1109/TMI.2007.892508
</a><p></p><a href=""https://doi.org/10.1117/1.JBO.20.1.016009
"" target=""_blank"">https://doi.org/10.1117/1.JBO.20.1.016009
</a>", , , ,"Paola Pinti, Aykut Eken, Meryem Ayşe Yücel, Qianqian Fang"," Franziska Klein; Haiyan Kong, Aykut Eken, Oliver Seidel-Marzi, Vanessa Reindl, Jason Longhurst, Jessica Gemignani, Aahana Bajracharya, Felipe Orihuela-Espina",Complete (agreement from at least 5 team members)
Reverse Inference,"Reverse inference is a method of drawing conclusions about cognitive processes from an observed brain activation. An example of reverse inference would be claiming 'brain area X is active, therefore these participants are engaged in cognitive process Y'. One should be cautious drawing such a conclusion as a brain region can be responsible for multiple processes. ",Neuroscience,Forward inference,,Abductive reasoning,"<a href=""https://doi.org/10.1016/j.tics.2005.12.004"" target=""_blank"">https://doi.org/10.1016/j.tics.2005.12.004</a><p></p><a href=""https://doi.org/10.1016/j.conb.2008.07.006
"" target=""_blank"">https://doi.org/10.1016/j.conb.2008.07.006
</a><p></p><a href=""https://doi.org/10.1007/s11229-022-03585-2
"" target=""_blank"">https://doi.org/10.1007/s11229-022-03585-2
</a><p></p><a href=""https://doi.org/10.1016/j.neuron.2011.11.001
"" target=""_blank"">https://doi.org/10.1016/j.neuron.2011.11.001
</a>", , , ,"Antonia Hamilton, Meryem Ayşe Yücel"," Mahmoud Elsherif, Chiara Bulgarelli, David Mehler, Meryem Ayşe Yücel, Samuel Montero-Hernandez",Complete (agreement from at least 5 team members)
Scalp coupling index,"Scalp coupling index (SCI) is a signal-to-noise ratio measurement computed as the zero-lag cross-correlation between the normalized raw intensity signals at two wavelengths, filtered in the cardiac frequency band. In fNIRS analysis, the SCI is applied in the context of signal quality assessment on a channel-by-channel basis. Channels below a certain, pre-defined threshold are thus classified as channels with insufficient data quality and excluded from further analysis.",Neuroscience,"Signal Quality Assessment, Peak Spectral Power",SCI,,"<p></p><a href=""https://doi.org/10.1364%2FBOE.7.005104
"" target=""_blank"">https://doi.org/10.1364%2FBOE.7.005104
</a>", , , ,Lenaic Borot," Franziska Klein, Ishara Paranawithana, Paola Pinti, Christian Gerloff, Meryem Ayşe Yücel",Complete (agreement from at least 5 team members) 
Sensitivity,The sensitivity or true positive rate is defined as the probability that a statistical test will be positive for a true statistic .,Analysis,"Specificity, receiver operating characteristic (ROC) curve, Performance",,,"<p></p><a href=""http://mathworld.wolfram.com
"" target=""_blank"">http://mathworld.wolfram.com
</a>", , , ,OntoNIRS," Franziska Klein, Ishara Paranawithana, Sara Sanchez-Alonso,Meryem Ayşe Yücel, Anastasia Kerr-German",Complete (agreement from at least 5 team members)
Sensitivity matrix,"The sensitivity matrix maps local absorption changes within the brain to variations of optical density changes measured by each channel. It is typically represented as a matrix with rows corresponding to the channels of the fNIRS system and columns corresponding to the voxels (or surface elements) in the head. The accuracy of the sensitivity matrix depends on various factors, such as the geometry and spacing of the fNIRS probes, the optical properties of the tissue being measured, and the assumptions made in the model used to estimate the matrix.",Analysis,"Sensitivity Map; A matrix, Jacobian","A, J",Jacobian,"<p></p><a href=""http://mathworld.wolfram.com
"" target=""_blank"">http://mathworld.wolfram.com
</a>",(if applicable) ,(if applicable) ,(if applicable) ,Hanieh Zainodini,"Aahana Bajracharya, Guy Perkins, Meryem Ayşe Yücel, Felipe Orihuela-Espina, Samuel Montero-Hernandez",Complete (agreement from at least 5 team members)
Signal,"Signal is the variation of a form of energy over space or time. In fNIRS, the term can be used interchangeably for the raw intensity, optical density or hemoglobin concentration changes in time.",Analysis,hemodynamic response ,,,"<p></p>DOI: 10.1108/00242530910928942
", , , ,"OntoNIRS, Abi Fiske, Meryem Ayşe Yüce, ", Samuel Montero-Hernandez,Open for review
Signal change,"Signal change is the difference in signals between two or more measurements. For instance, the observed difference in HbO2 between conditions A and B, or time one vs time two are commonly referred to signal change. ",Analysis,,,,"<a href=""https://doi.org/10.1016/j.neuroimage.2013.06.016"" target=""_blank"">https://doi.org/10.1016/j.neuroimage.2013.06.016</a>", , , ,"Antonia Hamilton, Chia-Chuan Yu"," Beatrix Barth, Heidrun Wabnitz, Lauren Emberson, Laura Diprossimo, Chia-Chuan Yu",Complete (agreement from at least 5 team members)
Signal noise ratio,"Signal to noise ratio is the ratio of useful information from a system to that of an interfering unwanted, often random, information that is also present.  ",Analysis,"contrast to noise ratio (CNR), coefficient of variation (CV)",SNR,signal to noise ratio,"<a href=""https://doi.org/10.1016/j.neuroimage.2013.06.016"" target=""_blank"">https://doi.org/10.1016/j.neuroimage.2013.06.016</a>", , , ,OntoNIRS," Lenaic Borot, Ishara Paranawithana, Meryem Ayşe Yücel, Samuel Montero-Hernandez",Complete (agreement from at least 5 team members)
Shared near-infrared file format (.snirf),"The Shared Near Infrared File Format (SNIRF) is a standardized file format based on the Hierarchical Data Format (HDF5) used for organizing, storing, and sharing Near-Infrared Spectroscopy data and associated metadata. This format facilitates the exchange and analysis of fNIRS data across different hardware and software platforms. SNIRF is compatible with a variety of fNIRS analysis toolboxes and software platforms. It is designed to encapsulate various types of information, including metadata about the measurement, NIRS data, stimulus or trigger data, information about the probe set used, and any auxiliary data. The adoption of the SNIRF format helps streamline data sharing and collaboration within the fNIRS research community.",Analysis,"BIDS, Open Science, Open Data ",snirf,,"<a href=""https://github.com/fNIRS/snirf"" target=""_blank"">https://github.com/fNIRS/snirf</a><p></p><a href=""https://doi.org/10.1117/1.NPh.10.1.013507
"" target=""_blank"">https://doi.org/10.1117/1.NPh.10.1.013507
</a>", , , ,"Beatrix Barth, Michael Lührs"," Renato Orti Agnes Kroczek, Franziska Klein, Ali Rahimpour Jounghani, Oliver Seidel-Marzi Chiara Bulgarelli, Divya Jain, Michael Lührs, Meryem Ayşe Yücel, Anastasia Kerr-German, Felipe Orihuela-Espina",Complete (agreement from at least 5 team members)
Source Localization,"Source localization is a technique used to determine the location of the neural generators that give rise to a particular brain signal, such as an electroencephalogram (EEG) or magnetoencephalogram (MEG) signal. In addition, use of fNIRS for source localization measures changes in blood oxygenation in the brain as an indirect measure of neural activity that can be used as prior information in solving the inverse problem. The importance of source localization is the understanding of the neural mechanisms underlying cognitive processes and provide insights into the different techniques that can be used for this purpose.",Analysis,"BIDS, Open Science, Open Data ",,,"<a href=""https://github.com/fNIRS/snirf"" target=""_blank"">https://github.com/fNIRS/snirf</a><p></p><a href=""https://doi.org/10.1117/1.NPh.10.1.013507
"" target=""_blank"">https://doi.org/10.1117/1.NPh.10.1.013507
</a>", , , ,Hadi Hosseini," Ali Rahimpour Jounghani, Talukdar Raian Ferdous",Open for review 
Spatial resolution,"Refers to the minimum image size of an ideal point source and therefore reflects an imaging system’s ability to accurately reproduce the contrast available in the object. It is usually specified in terms of the point spread function (PSF) or line spread function (LSF), or by the modulation transfer function (MTF), which is the frequency space representation of the PSF. Both of these concepts assume that the imaging system is linear and stationary, which is not generally the case. Spatial resolution is often measured in two orthogonal directions: in-plane ($x-y$) and cross-plane ($z$) ",Analysis ,,,,"<p></p>J. Hsieh. Computed Tomography: Principles, Design, Artifacts, and Recent Advances. SPIE Press monograph. SPIE Press, 2003.
", , , ,OntoNIRS, ,Open for review
Spikes,"Spikes are signal features characterized by a sudden change much larger in magnitude than changes in the surrounding signal. In fNIRS, spikes are a common manifestation of optode movement artifacts.",Analysis,"baseline shifts, artifact, Motion Artifact Correction, Preprocessing",,,"<p></p><a href=""https://doi.org/10.1109/EMBC46164.2021.9631014
"" target=""_blank"">https://doi.org/10.1109/EMBC46164.2021.9631014
</a><p></p><a href=""https://doi.org/10.3389/fnins.2012.00147
"" target=""_blank"">https://doi.org/10.3389/fnins.2012.00147
</a>", , , ,"Vanessa Reindl, Felipe Orihuela-Espina","Gregoire Vergotte, Franziska Klein, Hanieh Zainodini, Christian Gerloff, Meryem Ayşe Yücel",Complete (agreement from at least 5 team members)
Statistical Parametric Mapping,Statistical Parametric Mapping (SPM) is an analysis technique used in functional neuroimaging to identify regions of brain activation related to an experimental task. This is quantified as a parametric map -a voxel-wise collection of statistical values (typically beta- or t-values) obtained using the general linear model (GLM) framework. The term SPM also refers to a free MATLAB toolbox developed at Wellcome Centre for Human Neuroimaging that implements preprocessing and modeling functionality that can be used to generate statistical parametric maps.,Analysis,General Linear Model,SPM,,"<p></p><a href=""https://doi.org/10.1002/hbm.460020402
"" target=""_blank"">https://doi.org/10.1002/hbm.460020402
</a>", , , ,Aahana Bajracharya," Meryem Ayşe Yücel, Anastasia Kerr-German, Samuel Montero-Hernandez",Open for review
Systemic physiology augmented functional near-infrared spectroscopy,"Systemic physiology augmented functional near-infrared spectroscopy (SPA-NIRS) is a method that uses fNIRS data in combination with the measurement of systemic physiological activity (e.g., cardiorespiratory and autonomic activity) to (i) improve the physiological interpretation of  fNIRS measurements, (ii) use the systemic physiological signals to regress them out from fNIRS data, and to (iii) gain novel insights into the complex interplay of the brain with the physiological state of the entire body.",Analysis,"Preprocessing, Short-distance channel",SPA-fNIRS,,"<a href=""https://doi.org/10.1117/1.NPh.9.3.030801"" target=""_blank"">https://doi.org/10.1117/1.NPh.9.3.030801</a>", , , ,Felix Scholkmann," Franziska Klein, David Mehler, Michael Lührs, Katharina Stute",Open for review
Temporal resolution,Temporal resolution is defined as the amount of time needed to revisit and acquire a new observation from the exact same location.,Analysis,"Sampling frequency, Sampling rate",,,"<p></p><a href=""https://doi.org/10.5860/choice.45-5931
"" target=""_blank"">https://doi.org/10.5860/choice.45-5931
</a>", , , ,OntoNIRS," Murat Can Mutlu, Samuel Forbes, Meryem Ayşe Yücel, Anastasia Kerr-German, Felipe Orihuela-Espina",Complete (agreement from at least 5 team members)
Time Frame,"Time frame typically refers to a discrete time interval (usually in seconds or milliseconds) over which a set of optical measurements are acquired. Each frame is divided into a series of smaller time intervals called ""time bins"" or ""data points"" and the optical signal is sampled at a fixed sampling rate during each time bin.",Analysis,,, ,"<p></p><a href=""https://doi.org/10.1117/1.nph.8.1.012101
"" target=""_blank"">https://doi.org/10.1117/1.nph.8.1.012101
</a>", , , ,Hanieh Zainodini,"Abi Fiske, Meryem Ayşe Yücel, Samuel Montero-Hernandez  ",Open for review
Time series,"Time series is a sequence of data points ordered in time. Typically, the parameter/variable is sampled at regular time intervals, $\\delta t$ , which defines a sampling frequency, $f_s$ given by $ f_s = \\frac{1}{\\delta t}$ . For instance, in fNIRS, the intensity detected at a detector coming from a light source defines a time series for the light intensity at a source-detector pair.",Analysis,"Time courses; Sampling frequency, Signal, Time points, Statistical Analysis, Channel",,,"<a href=""https://doi.org/10.1145/2379776.2379788"" target=""_blank"">https://doi.org/10.1145/2379776.2379788</a><p></p><a href=""https://doi.org/10.1201/9781420036206
"" target=""_blank"">https://doi.org/10.1201/9781420036206
</a>", , , ,Ségolène Guérin,"Christina Artemenko, Murat Can Mutlu, Rickson Mesquita, Sara Sanchez-Alonso, Meryem Ayşe Yücel, Anastasia Kerr-German",Complete (agreement from at least 5 team members) 
Time window,"A time window refers to a specific period in the dataset during which the recorded data is analyzed. The length of the time window depends on the research question and the nature of the experiment. The analysis of fNIRS data is often conducted by dividing the entire recording period into several time windows, typically several seconds long. During each time window, the signal is processed and analyzed to identify metabolism in the brain. The choice of the time window is an essential consideration in fNIRS analysis, as it can affect the sensitivity and specificity of the results.",Analysis,,,,DOI: 10.1109/ICA-SYMP.2019.8646261," In the context of time-domain fNIRS, the time window refers to the duration of the measurement period during which the photons are detected and used to calculate the optical properties of the tissue.", , http://dx.doi.org/10.1016/j.neuroimage.2013.05.106,Christian Bartkowski,Guy Perkins,Open for review
Topological Analysis,"Topological analysis refers to processing and analytical approaches that leverage the field of mathematical topology; i.e. the study of bicontinuous deformations. In fNIRS, the so-called topographical plots exploit the natural topology of the sampling lattice yielded by the channel locations. Other uses in fNIRS thus far included dimensionality reduction efforts, segregational and intergenerational analysis.",Analysis,,,"Network-based Analysis, Connectivity Analysis "," <p></p><a href=""https://doi.org/10.3389/frai.2021.667963
"" target=""_blank"">https://doi.org/10.3389/frai.2021.667963
</a><p></p><a href=""https://doi.org/10.1117/1.NPh.5.1.011011
"" target=""_blank"">https://doi.org/10.1117/1.NPh.5.1.011011
</a><p></p><a href=""https://doi.org/10.1117/1.NPh.7.4.045009
"" target=""_blank"">https://doi.org/10.1117/1.NPh.7.4.045009
</a>", , , ,Felipe Orihuela-Espina," Hanieh Zainodini, Felipe Orihuela-Espina",Open for review 
Topographic map,"A topographic map is a two-dimensional graphical representation. For example, in the context of fNIRS, this could be the spatial distribution of channel sensitivities, hemodynamic response or effect size projected on a 2D surface.
",Analysis,,,,,(if applicable) ,(if applicable) ,(if applicable) ,"Vanessa Reindl, Meryem Ayşe Yücel","Haiyan Kong, Gregoire Vergotte, Lenaic Borot, Ségolène Guérin, Oliver Seidel-Marzi, Katharina Stute, Meryem Ayşe Yücel, Felipe Orihuela-Espina",Complete (agreement from at least 5 team members)
Virtual registration,Virtual registration is a form of registration that is based on anchoring fNIRS optode or channel locations to an International 10-20 reference point and as such does not require the 3D digitization of the optode locations. ,Analysis,Spatial normalization; Image registration; registration; co-registration,,,, , , ,Meryem Ayşe Yücel,"Gregoire Vergotte, Aahana Bajracharya, Hanieh Zainodini, Paola Pinti; Antonia Hamilton, Anastasia Kerr-German",Complete (agreement from at least 5 team members)
Visual Inspection,"Visual inspection refers to the subjective process of checking fNIRS signal quality online or offline in order to evaluate the quality of the signal. Visual inspection is a form of data quality inspection. While this form of inspection is inherently subjective due to not being based on objective criteria, it taps on the experimenter experience and can be useful when detecting noisy channels during pre-acquisition or motion artifacts during data processing.",Analysis,"Quality check, Data quality assessment, Preprocessing , Noisy channels,  Artifact, Spikes, Noise, Baseline drift",,,not applicable, , , ,"Thomas Dresler, Franziska Klein, Meryem Ayşe Yücel","Gregoire Vergotte, Lenaic Borot, Franziska Klein, Vanessa Reindl, Chia-Chuan Yu, Murat Can Mutlu, Christian Gerloff, Felipe Orihuela-Espina",Complete (agreement from at least 5 team members) 
Wavelet transform,"Wavelet transform (WT) applies an orthogonal kernel to provide a transformation from time space to time-scale space that can be either performed in a discrete or continuous fashion. Note that the term time here is not intended in the physical sense, and can refer to other sampling lattices, for instance, images. By translating and dilatating the kernel, termed the mother wavelet, the wavelet transform provides a time-scale representation of the input data that often facilitates downstream analysis such as spectral analysis or to calculate connectivity estimators. There are many wavelet transforms as well as many mother wavelets with different virtues and assumptions. For instance, the discrete wavelet transform (DWT) performs the dilatation in a less fine-grained resolution as compared to the continuous wavelet transform but it is computationally faster. Wavelets have proved popular in fNIRS for filtering and denoising (e.g. motion artifacts), hyperscanning coherence analysis, or the interpretation of connectivity among others.",Analysis,"Functional Connectivity, Motion Artifact Correction, Time-Frequency Analysis, Preprocessing, Filtering,  Multiresolution Analysis","WT, CWT, DWT",,"<a href=""https://doi.org/10.1175/1520-0477(1998)079%3C0061:APGTWA%3E2.0.CO;2"" target=""_blank"">https://doi.org/10.1175/1520-0477(1998)079%3C0061:APGTWA%3E2.0.CO;2</a>", , , ,Christian Gerloff," Franziska Klein, Hanieh Zainodini, Aykut Eken, Felipe Orihuela-Espina, Meryem Ayşe Yücel",Complete (agreement from at least 5 team members)
Wavelet coherence,"Wavelet coherence is a method commonly used in hyperscanning studies to quantify the relationship between brain activity in two participants. Data for each participant is subject to a wavelet transform which provides a time-scale representation of that channel. The wavelet representations can then be related across participants to calculate the wavelet coherence.  If stronger wavelet coherence is seen in true dyads compared to pseudo-dyads (when data from non-interactive participants is paired up), then there is a coherence effect.  ",Analysis,"Time-Frequency Analysis, Hyperscanning, Multiresolution Analysis",WC,,"<a href=""https://doi.org/10.1016/j.neuroimage.2011.09.003"" target=""_blank"">https://doi.org/10.1016/j.neuroimage.2011.09.003</a>", , , ,Antonia Hamilton," Anastasia Kerr-German, Meryem Ayşe Yücel, Samuel Montero-Hernandez",Open for review
Wiener Filter,"The Wiener filter is an MSE-optimal stationary filter that uses nonlinear equations for IIR filters or linear equations for FIR filters to estimate a desired output from an observed noisy signal. The underlying assumption is that the signal and noise are stationary and uncorrelated. Popular uses of Wiener filters are denoising, deblurring and upsampling.",Analysis ,,,,"<p></p><a href=""https://doi.org/10.1109/TBME.2005.845243
"" target=""_blank"">https://doi.org/10.1109/TBME.2005.845243
</a>", , , ,Hanieh Zainodini," Felipe Orihuela-Espina, Meryem Ayşe Yücel",Open for review
Baseline,"Baseline (BL) refers to the participant's physiological state at a resting or non-stimulated state recorded before performing an experimental task or perceiving stimuli. In the context of fNIRS, it reflects the neurophysiological state (e.g., brain activity) measured when the participant is at rest or not receiving any stimulation. The baseline period can refer to the resting state before an experimental task begins, but also to periods of rest before a new task block or stimulus is presented.",Experimental design,Baseline period,BL,,"Eddie Harmon-Jones and Jennifer S Beer. Methods in social neuroscience. Guilford Press, 2012.", , ,, Haiyan Kong," Haiyan Kong, Ann-Christine Ehlis, Franziska Klein, Thomas Dresler, Simone Cutini, Oliver Seidel-Marzi, Murat Can Mutlu, Katharina Stute, Judit Gervain",Complete (agreement from at least 5 team members)
Baseline period,"Baseline period refers to a segment of time preceding the measurement in an experiment, used to establish a reference or comparison point. In fNIRS, the duration of this segment is typically few to several seconds before the onset of an experimental task.",Experimental design,"Baseline, Block Design, Event-related design",,,"<a href=""https://doi.org/10.1007/978-3-319-39955-3_34"" target=""_blank"">https://doi.org/10.1007/978-3-319-39955-3_34</a><p></p>
",  , , ,Haiyan Kong,"Ann-Christine Ehlis, Franziska Klein, Thomas Dresler, Simone Cutini, Oliver Seidel-Marzi, Murat Can Mutlu, Katharina Stute, Jason DeFreitas, Judit Gervain",Complete (agreement from at least 5 team members)
Between-participant design,"A between-participant design is a type of experimental design in which participants are allocated to independent experimental or treatment groups (including the control group). The main purpose of this study design is to examine the difference between groups. Participants may be separated into groups based on their characteristics (e.g., children with ADHD vs. healthy controls). Random assignment to two groups is also possible. If assignment is random, the study allows for causal conclusions.",Experimental Design,"Within-group design, Within-subject design, Within-participant 	design; Experimental design, ANOVA",,"Between-group design, Between-subject design, independent measures design",N/A, , , ,Chia-Chuan Yu," Ségolène Guérin; Ann-Christine Ehlis; Haiyan Kong; Thomas Dresler; Christina Artemenko, Simone Cutini, Jason DeFreitas, Franziska Klein, Aykut Eken, Judit Gervain, Katharina Stute",Complete (agreement from at least 5 team members) 
Block design," A block design is a type of experimental paradigm in which trials belonging to the same experimental condition are arranged in blocks (i.e., grouped together), with blocks usually separated by a rest period. The original purpose of a block design is to increase the signal-to-noise ratio (SNR) and to reduce the effects of variability within individual trials. ",Experimental design,"Event-related design, Experimental Run, Experimental Session, Experimental paradigm, Trial",,,"<a href=""https://doi.org/10.1117/1.NPh.8.2.025008"" target=""_blank"">https://doi.org/10.1117/1.NPh.8.2.025008</a><p></p><a href=""https://doi.org/10.1192/apt.bp.115.015610
"" target=""_blank"">https://doi.org/10.1192/apt.bp.115.015610
</a><p></p><a href=""https://doi.org/10.1117/1.NPh.8.1.012101
"" target=""_blank"">https://doi.org/10.1117/1.NPh.8.1.012101
</a>", , , ,Chia-Chuan Yu,"Ségolène Guérin; Haiyan Kong; Thomas Dresler; Oliver Seidel-Marzi; Christina Artemenko, Chia-Chuan Yu; Simone Cutini, Jason DeFreitas, Judit Gervain, Katharina Stute, Ann-Christine Ehlis",Complete (agreement from at least 5 team members)
Cap size,"Cap size is the size or dimensions of the fNIRS cap that is worn on the participant's head. When selecting a cap size for fNIRS measurements, it is important to consider factors such as the population being studied and head size/shape variations.
Category:

",Experimental design,"Head size, Headband, Head circumference ",,,"<a href=""https://doi.org/10.1016/j.neuroimage.2014.11.022"" target=""_blank"">https://doi.org/10.1016/j.neuroimage.2014.11.022</a>",(if applicable) ,(if applicable) ,(if applicable) ,Haiyan Kong,"Katharina Stute, Abi Fiske, Sara Sanchez-Alonso, Judit Gervain, Ann-Christine Ehlis",Complete (agreement from at least 5 team members)
Channel,"A channel is a measurement point that the system is capable of recording from. In the special case of fNIRS, a channel is defined as the area between a light source and a detector, and is often visually depicted as the midpoint of the two and at a depth of approximately half of the source-detector distance. The source-detector distance categorizes a channel as a typical long-separation fNIRS channel (reflecting cortical activation changes and changes in systemic physiology) or a short-separation/short-distance channel (primarily reflecting changes in skin perfusion).",Experimental design,"Optode, Detector, Emitter, Optode template, Montage, Optode configuration, Short-separation channel, Short-distance channel",,,"<a href=""https://doi.org/10.1117/1.NPh.8.1.012101"" target=""_blank"">https://doi.org/10.1117/1.NPh.8.1.012101</a><p></p><a href=""https://doi.org/10.1192/apt.bp.115.015610
"" target=""_blank"">https://doi.org/10.1192/apt.bp.115.015610
</a>", , , ,OntoNIRS," Lenaic Borot, Ann-Christine Ehlis, Franziska Klein, Haiyan Kong, Thomas Dresler, Oliver Seidel-Marzi, Christian Bartkowski, Katharina Stute, Jason DeFreitas, Paola Pinti, Judit Gervain, M. Atif Yaqub, Felix Scholkmann",Complete (agreement from at least 5 team members)
Counterbalancing,"Counterbalancing is a method utilized to mitigate order effects in repeated measures designs. In this procedure, when the experimental paradigm involves multiple conditions, the participant group is divided into sub-groups with equal numerosity. Each sub-group experiences the various conditions in different sequences, whether it be two or more, to avoid the presence of systematic order effects.
",Experimental Design,"Latin Square Design, Randomization",,,"<a href=""https://doi.org/10.1002/9781118445112.stat06195"" target=""_blank"">https://doi.org/10.1002/9781118445112.stat06195</a><p></p><a href=""https://doi.org/10.1037/a0029310
"" target=""_blank"">https://doi.org/10.1037/a0029310
</a>", , , ,Chiara Bulgarelli," Mahmoud Elsherif, Ségolène Guérin; Gregoire Vergotte, Thomas Dresler, Oliver Seidel-Marzi; Simone Cutini, Franziska Klein, Jason DeFreitas, Mohinish Shukla, Judit Gervain",Open for review
Dyad,"In the context of an fNIRS experiment, a dyad refers to two individuals that participate in an experiment together, typically interacting with each other (e.g., parent-child dyad). ",Experimental Design,Hyperscanning,,Pair,"<a href=""https://doi.org/10.2307/351453"" target=""_blank"">https://doi.org/10.2307/351453</a><p></p><a href=""https://doi.org/10.1111/nyas.13948
"" target=""_blank"">https://doi.org/10.1111/nyas.13948
</a>",,, ,Vanessa Reindl," Ségolène Guérin; Gregoire Vergotte; Mahmoud Elsherif, Thomas Dresler, Vanessa Reindl, Franziska Klein, Haiyan Kong, Katharina Stute, Ann-Christine Ehlis, Judit Gervain",Complete (agreement from at least 5 team members)
,"An event is a single experimentally controlled stimulus (e.g., the presentation of a word, visual stimulus, or tactile vibration) or a participant-mediated action (e.g., a motor response). In event-related designs, experimental trials consist of such events, separated by appropriate inter-stimulus intervals. In block designs, multiple events are presented in a given block. 
",Experimental Design,"Stimulus, Event-related design, Block design, Inter-stimulus interval, Trial",,,"<a href=""https://doi.org/10.1037/0033-2909.125.1.155;  full-text available from author’s website: https://despolab.berkeley.edu/main/files/desposito1999.pdf"" target=""_blank"">https://doi.org/10.1037/0033-2909.125.1.155;  full-text available from author’s website: https://despolab.berkeley.edu/main/files/desposito1999.pdf</a><p></p>
<p></p>
",(if applicable) ,(if applicable) ,(if applicable) ,Mohinish Shukla,"Abi Fiske, Gregoire Vergotte, Lenaic Borot, Ségolène Guérin, Jason Longhurst, Oliver Seidel-Marzi, Katharina Stute, Ann-Christine Ehlis, Judit Gervain",Complete (agreement from at least 5 team members)
Event-related design," Event-related design is a type of experimental paradigm in which trials are presented randomly or in a pseudo-random order, with each trial consisting of a single presentation of the stimulus or event. Compared to block designs, event-related designs provide greater temporal resolution and allow for more variability in the timing and order of the events. For instance, cognitive adaptation strategies of the subjects can be avoided, the response profile for different trial types (and even single trials) can be estimated by event-related averaging and it allows post-hoc sorting of individual brain responses. ",Experimental design,Block design,,,"<a href=""https://doi.org/10.1016/S0896-6273(00)80456-0"" target=""_blank"">https://doi.org/10.1016/S0896-6273(00)80456-0</a><p></p><a href=""https://doi.org/10.1192/apt.bp.115.015610
"" target=""_blank"">https://doi.org/10.1192/apt.bp.115.015610
</a><p></p><a href=""https://doi.org/10.1016/j.jneumeth.2014.07.011
"" target=""_blank"">https://doi.org/10.1016/j.jneumeth.2014.07.011
</a><p></p><a href=""https://doi.org/10.1016/j.neuroimage.2005.12.008
"" target=""_blank"">https://doi.org/10.1016/j.neuroimage.2005.12.008
</a><p></p><a href=""https://doi.org/10.1117/1.NPh.8.1.012101
"" target=""_blank"">https://doi.org/10.1117/1.NPh.8.1.012101
</a>", , Bock design,,"OntoNIRS, Haiyan Kong"," Ann-Christine Ehlis, Franziska Klein, Thomas Dresler, Simone Cutini, Oliver Seidel-Marzi, Chia-Chuan Yu, Jason DeFreitas, Paola Pinti, Judit Gervain, Katharina Stute, Mohinish Shukla",Complete (agreement from at least 5 team members) 
Experimental design,"The design of an experiment involves planning a set of procedures to examine a scientific hypothesis in terms of the relationship between independent and dependent variables. Thereby, the independent variable(s) is/are manipulated and effects on the dependent variable(s) are assessed (i.e., measured).",Experimental design,Event-related design; Block design; Between-participant design; Within-participant design,,,"Roger E Kirk. Experimental design. Wiley Online Library, 1982.", , , ,OntoNIRS," Ann-Christine Ehlis, Haiyan Kong, Thomas Dresler, Katharina Stute, Simone Cutini, Oliver Seidel-Marzi, Chia-Chuan Yu, Franziska Klein, Jason DeFreitas, Judit Gervain",Complete (agreement from at least 5 team members)
Experimental paradigm,"An experimental paradigm incorporates the presentation and response format of a certain task relevant to the research question. An experimental paradigm provides a structured approach to conducting research, ensuring that the study is rigorous, replicable, and meaningful.


",,Task,,,"<a href=""https://doi.org/10.4324/9780367808280"" target=""_blank"">https://doi.org/10.4324/9780367808280</a><p></p><a href=""https://doi.org/10.1002/hbm.460020402
"" target=""_blank"">https://doi.org/10.1002/hbm.460020402
</a>",(if applicable) ,(if applicable) ,(if applicable) ,Christina Artemenko,"Haiyan Kong, Gregoire Vergotte, Lenaic Borot, Jason Longhurst, Oliver Seidel-Marzi, Ann-Christine Ehlis, Judit Gervain",Complete (agreement from at least 5 team members)
Experimental Run,"An experimental run refers to a single continuous period of data acquisition on a single participant. A study can consist of multiple runs collected on the same day (e.g., one per experimental task), or within several days/weeks in a longitudinal study.
",,Experimental Session,,,"<a href=""https://doi.org/10.1016/j.neuroimage.2004.08.001"" target=""_blank"">https://doi.org/10.1016/j.neuroimage.2004.08.001</a><p></p><a href=""https://doi.org/10.1371/journal.pone.0159959 
"" target=""_blank"">https://doi.org/10.1371/journal.pone.0159959 
</a><p></p>
",(if applicable) ,(if applicable) ,(if applicable) ,Meryem A. Yücel,"Katharina Stute, Judit Gervain, Ségolène Guérin, Haiyan Kong, Gregoire Vergotte, Lenaic Borot, Jason Longhurst, Ann-Christine Ehlis",Complete (agreement from at least 5 team members)
Experimental Session,"An experimental session refers to all the experimental runs collected in a study from one participant at a particular time of the day, without removing data collection equipment. In within-subject designs, multiple experimental sessions can take place at different time points (e.g., longitudinal, intervention studies or different experimental conditions or experimental runs).
",,Experimental Run,,,"<a href=""https://doi.org/10.1364/AO.48.00D280"" target=""_blank"">https://doi.org/10.1364/AO.48.00D280</a>",(if applicable) ,(if applicable) ,(if applicable) ,Meryem A. Yücel,"Katharina Stute, Mohinish Shukla, Ségolène Guérin, Christina Artemenko, Franziska Klein, Ann-Christine Ehlis, Judit Gervain",Complete (agreement from at least 5 team members)
Experimental Trial,An experimental trial is the smallest unit of an experimental task and contains a sequence of one or more stimuli. Trials are repeated a certain number of times in an experiment with the same or different stimuli belonging to the same or different conditions with a certain timing.  ,Experimental Design,"Event, Stimulus sequence, Inter-trial interval, Inter-stimulus interval",,,, , , ,Christina Artemenko," Mahmoud Elsherif, Franziska Klein, Thomas Dresler, Vanessa Reindl, Simone Cutini, Jason Longhurst, Katharina Stute, Ann-Christine Ehlis, Judit Gervain",Complete (agreement from at least 5 team members)
Finger tapping,"Finger tapping refers to a task where participants are instructed to rhythmically tap their fingers in a controlled manner. In a finger-tapping task, participants are instructed to touch their thumb with each of the other fingers of the same hand, sequentially. It can also refer to periodically tapping on a surface, commonly using the forefinger. Finger tapping can be self-paced or externally paced. Finger tapping is generally used to measure motor activity in order to test whether the fNIRS system records proper hemodynamic response or not or to locate the motor cortex. ",Experimental Design,,,,"<a href=""https://doi.org/10.1016/j.neuroimage.2011.08.095"" target=""_blank"">https://doi.org/10.1016/j.neuroimage.2011.08.095</a><p></p><a href=""https://doi.org/10.1117/1.NPh.5.1.011006
"" target=""_blank"">https://doi.org/10.1117/1.NPh.5.1.011006
</a><p></p><a href=""https://doi.org/10.1016/j.neuroimage.2020.117597
"" target=""_blank"">https://doi.org/10.1016/j.neuroimage.2020.117597
</a><p></p><a href=""https://doi.org/10.1016/j.jneumeth.2020.108790
"" target=""_blank"">https://doi.org/10.1016/j.jneumeth.2020.108790
</a><p></p><a href=""https://doi.org/10.1038/s41598-023-33780-1 
"" target=""_blank"">https://doi.org/10.1038/s41598-023-33780-1 
</a>", , , ,Ségolène Guérin," Ségolène Guérin; Gregoire Vergotte; Lenaic Borot; Haiyan Kong, Aykut Eken, M. Atif Yaqub, Katharina Stute, Ann-Christine Ehlis, Judit Gervain",Complete (agreement from at least 5 team members)
Frequency encoding/tagging,"An experimental design and data analysis method in which a stimulus is presented at a specific frequency, and the measured brain (or other) responses are assessed for whether they exhibit oscillations / periodic responses at the stimulation frequency stimulus. Multiple stimuli can be studied simultaneously by presenting them at different frequencies. To minimize overlap in the frequency spectrum and avoid inference from systemic variables (e.g., heart rate, respiratory oscillations), prime numbers are often chosen as stimulation frequencies. This design is often used with techniques providing high temporal resolution such as EEG/MEG.",Experimental Design,,,Frequency tagging,"<a href=""https://doi.org/10.1523/JNEUROSCI.16-13-04207.1996"" target=""_blank"">https://doi.org/10.1523/JNEUROSCI.16-13-04207.1996</a><p></p>
", , , ,Mohinish Shukla,"Judit Gervain, Samuel Montero-Hernandez, Ségolène Guérin, Katharina Stute, Franziska Klein",Complete (agreement from at least 5 team members)  
Head circumference,"The measurement (usually in cm) of a participant’s head diameter at the level of the nasion (the midpoint between the eyes, just above the nose bridge), the inion (the external occipital protuberance at the base of the skull) and the tragi (cartilage at the ear entrance) of the ears. Head circumference is usually assessed with a tape measure and is crucial for selecting the correct cap size for the participant. This information can also be used in head modeling processes.
",Experimental design,"Head size, Head model, Cap size",,,"<a href=""https://doi.org/10.1117%2F1.NPh.7.3.035008"" target=""_blank"">https://doi.org/10.1117%2F1.NPh.7.3.035008</a>",(if applicable) ,(if applicable) ,(if applicable) ,Abi Fiske,"Mohinish Shukla, Sara Sanchez-Alonso, Gregoire Vergotte, Lenaic Borot, Ségolène Guérin, Oliver Seidel-Marzi, Ann-Christine Ehlis, Judit Gervain",Complete (agreement from at least 5 team members)
Head size," Head size in fNIRS research is mostly described by the head circumference (in cm), as measured by wrapping a measuring tape around the head at the level of the nasion in the front, the inion at the back, and the left and right preauricular points (tragi). Head size is needed to choose the best-fitting cap size for the participant to ensure good contact between the optodes and the scalp. Head sizes vary depending on age, gender, and ethnicity. Adults' average head circumference ranges between approximately 52-58 cm (20-23 inches). For infants, head circumferences range between from 32-48 cm (13-19 inches) in the first year of life (for infants born full term) and increase to about 52-56 cm (20-22 inches) by adolescence.",Experimental Design,"Cap size, Head circumference, Landmark, Headgear",,,ISO 7250: Basic human body measurements for technological design,,,https://www.ncbi.nlm.nih.gov/pmc/articles/PMC7509340/,"Thomas Dresler, Christian Bartkowski ","Gregoire Vergotte, Franziska Klein, Thomas Dresler, Oliver Seidel-Marzi, Christina Artemenko, Vanessa Reindl, Christian Bartkowski, Simone Cutini, Jason Longhurst, Haiyan Kong, Ann-Christine Ehlis, Judit Gervain",Complete (agreement from at least 5 team members)
Hyperscanning,"The simultaneous recording of brain activity from more than one person.  Typically, a hyperscanning setup is used when the relationship between the participants’ brain activities is of interest, thus during hyperscanning studies the participants are able to communicate with one another either verbally or non-verbally, for example by being in the same room or by seeing each other’s actions.
",Experimental Design,"Dyad; Inter-brain synchrony, Brain-to-brain coupling, Interpersonal neural synchrony (INS)",," dyadic-brain recordings or multiple-brain recordings, Two-person Neuroscience","<a href=""https://doi.org/10.1016/j.neuron.2020.11.008"" target=""_blank"">https://doi.org/10.1016/j.neuron.2020.11.008</a><p></p><a href=""	https://doi.org/10.1006/nimg.2002.1150
"" target=""_blank"">	https://doi.org/10.1006/nimg.2002.1150
</a><p></p><a href=""	https://doi.org/10.3389/fnhum.2020.00039
"" target=""_blank"">	https://doi.org/10.3389/fnhum.2020.00039
</a>", , , ,Mahmoud Elsherif,"Gregoire Vergotte, Ségolène Guérin, Ann-Christine Ehlis, Oliver Seidel-Marzi, Vanessa Reindl, Jason Longhurst, Haiyan Kong, Aykut Eken; Antonia Hamilton, Katharina Stute, Judit Gervain",Complete (agreement from at least 5 team members)
Inter-stimulus interval,"Inter-stimulus interval (ISI) is the time period between the offset of one stimulus (S1) and the onset of the next stimulus (S2). The interstimulus interval can be fixed or jittered. If the duration is fixed, the ISI will last the same amount of time across trials; conversely, if the duration is jittered, the duration of the trial can (pseudo-) randomly vary within a fixed range.",Experimental Design,"Inter-trial interval (ITI), inter-block interval, Stimulus onset asynchrony (SOA), Jitter",ISI,Inter-item interval,"<a href=""https://doi.org/10.1016/j.bandc.2005.11.009"" target=""_blank"">https://doi.org/10.1016/j.bandc.2005.11.009</a>", , , ,Mahmoud Elsherif," Ségolène Guérin, Ann-Christine Ehlis, Simone Cutini, Thomas Dresler, Christina Artemenko, Renato Orti, Mohinish Shukla, Judit Gervain, Katharina Stute",Complete (agreement from at least 5 team members)
Inter-trial interval,The inter-trial interval (ITI) is the time between two consecutive trials. It is measured from the onset of one trial to the onset of the next trial. ,Experimental Design,"Inter-stimulus interval, Inter-block interval",ITI,,"<a href=""https://doi.org/10.1016/j.neuroimage.2008.05.013"" target=""_blank"">https://doi.org/10.1016/j.neuroimage.2008.05.013</a>", , , ,Simone Cutini,"Mahmoud Elsherif, Ségolène Guérin, Gregoire Vergotte, Ann-Christine Ehlis, Thomas Dresler, Jason Longhurst, Mohinish Shukla, Judit Gervain",Complete (agreement from at least 5 team members)
,"In experimental designs, jitters refer to the introduction of (pseudo-) random variations in the timing between successive stimulus onsets. They are implemented to mitigate potential confounds (e.g., habituation effects), avoid inducing rhythmic or predictive brain responses that are time-locked to the periodic onset of stimuli, and assist in deconvolving the hemodynamic response by introducing stimulus timing variability. Moreover, jitters are introduced to minimize temporal autocorrelation and enhance statistical power. That is, they serve to reduce correlation between successive stimulus onsets, mitigating any potential bias caused by temporal dependencies. By introducing (pseudo-) random variability in the timing of stimuli, jitters can help to improve the reliability and robustness of statistical analyses.
",Experimental Design,"Stimulus Onset Asynchrony (SOA), Inter-stimulus interval (ISI), Inter-trial interval (ITI)",,,"<a href=""https://doi.org/10.1002/(SICI)1097-0193(1999)8:2/3<109::AID-HBM7>3.0.CO;2-W"" target=""_blank"">https://doi.org/10.1002/(SICI)1097-0193(1999)8:2/3<109::AID-HBM7>3.0.CO;2-W</a><p></p><a href=""https://doi.org/10.1162/jocn.2008.20007
"" target=""_blank"">https://doi.org/10.1162/jocn.2008.20007
</a><p></p>
",(if applicable) ,(if applicable) ,(if applicable) ,Katharina Stute,"Mohinish Shukla, Judit Gervain, Samuel Montero-Hernandez, Ségolène Guérin, Gregoire Vergotte, Franziska Klein, Ann-Christine Ehlis",Complete (agreement from at least 5 team members) 
Landmark,"A landmark defines the location or a point defining an anatomical position on the human head. In the context of functional near-infrared spectroscopy (fNIRS), a landmark refers to a specific, easily identifiable anatomical point on the human head. Landmarks such as the preauricular points, nasion, inion, and Cz are used to accurately position the optodes and align fNIRS data with other neuroimaging data or estimate which cortical areas are covered by an fNIRS channel in terms of spatial registration. This ensures consistent measurements across individuals and studies. ",Experimental Design,"EEG 10-20 System, Spatial registration, 3D digitizer",,,"<p></p><a href=""https://doi.org/10.1016/j.neuroimage.2013.07.025
"" target=""_blank"">https://doi.org/10.1016/j.neuroimage.2013.07.025
</a><p></p><a href=""https://github.com/fNIRS/snirf/blob/master/snirf_specification.md#nirsiprobelandmarkpos2d
"" target=""_blank"">https://github.com/fNIRS/snirf/blob/master/snirf_specification.md#nirsiprobelandmarkpos2d
</a><p></p>
", , , ,Michael Lührs," Mahmoud Elsherif, Franziska Klein, Murat Can Mutlu, Rickson Mesquita, Aykut Eken, Ann-Christine Ehlis, Judit Gervain",Complete (agreement from at least 5 team members) 
Montage,"A montage is the specific arrangement of the optodes (i.e., sources and detectors) placed on the scalp. The montage determines how sources and detectors are combined to form measurement channels. A montage can be customized to cover specific regions of interest by describing the arrangement of optodes according to a standard positioning system (e.g., the international 10-20, 10-10, and 10-5 systems, MNI space) or in relation to cranial landmarks (i.e., nasion, inion, left and right preauricular point). Montages are displayed in figures within manuscripts and are used as both visualizations and guides for confirming the locations of the optodes according to a standard positioning system.  
",Experimental Design,"Optode array, Optode template, Tomography, Topography, Coordinates, Regions of interest (ROI), Standard positioning system, Source, Detector",,"Optode template, Probe layout, Probeset, Probe set, Optode array design, Optodes configuration, Topographic layout","<a href=""https://doi.org/10.1038/s41598-018-21716-z"" target=""_blank"">https://doi.org/10.1038/s41598-018-21716-z</a><p></p><a href=""https://doi.org/10.1117/1.JBO.19.2.026010
"" target=""_blank"">https://doi.org/10.1117/1.JBO.19.2.026010
</a><p></p><a href=""https://doi.org/10.1117/1.NPh.8.1.012101
"" target=""_blank"">https://doi.org/10.1117/1.NPh.8.1.012101
</a><p></p>
", , , ,"Kim Meidenbauer, Haiyan Kong, Anastasia Kerr-German "," Aykut Eken, Oliver Seidel-Marzi, Christina Artemenko, Vanessa Reindl, Christian Bartkowski, Jason Longhurst, Renato Orti, Franziska Klein, Jason Longhurst, Talukdar Raian Ferdous, Lenaic Borot, Ann-Christine Ehlis, Judit Gervain",Complete (agreement from at least 5 team members)
N-back,"The n-back task is a working memory paradigm where a sequence of stimuli in a chosen modality (e.g. visual) is presented (e.g. letters). Participants are asked to respond (e.g. via button press) when the currently presented stimulus is the same as the one presented n (usually 1, 2 or 3) trials before. For instance, in a 3-back task, where the trials consist of squares, participants have to decide whether the current square is the same as the square in trial n-3. With higher n, the working memory requirements increase. N-back tasks are usually presented in a block design, with e.g. 2-back working memory blocks and 1-back control blocks presented in (pseudo-) randomized order. The task requires several cognitive mechanisms such as encoding and temporary storage of each stimulus of the sequence. Incoming stimuli must be continuously updated while inhibiting irrelevant items, which must be removed from the working memory storage. It is also necessary to include a counting and matching process between the anticipatory and stored stimuli to make a decision as to indicate if the stimuli matches the correct response.   ",Experimental Design,,,,"<a href=""https://doi.org/10.1016/0013-4694(93)90119-G"" target=""_blank"">https://doi.org/10.1016/0013-4694(93)90119-G</a><p></p><a href=""https://doi.org/10.3389/fpsyg.2018.02208
"" target=""_blank"">https://doi.org/10.3389/fpsyg.2018.02208
</a><p></p>
", , , ,Agnes Kroczek," Mahmoud Elsherif; Lenaic Borot; Gregoire Vergotte; Ann-Christine Ehlis, Simone Cutini, Oliver Seidel-Marzi, Haiyan Kong, Judit Gervain",Complete (agreement from at least 5 team members)
Pseudorandomization,"The process of setting up an order of experimental trials/runs/sessions/conditions or an assignment of participants to specific (sub-)groups or treatments that is randomized, but with setting specific restrictions due to experimental considerations or subgroupings (i.e., not every order or assignment is possible). For example, when trials of the same condition should not be presented three times in row, one might choose an order that fulfills this condition, but is otherwise random. This process functionally approximates randomness, but is not completely random, as it excludes those orders that could have been generated randomly, but that show unwanted systematicity.
",Experimental Design,"Quasirandom, Randomization",,,"<p></p>
",(if applicable) ,(if applicable) ,(if applicable) , Thomas Dresler,"Mahmoud Elsherif, Jason Longhurst, Mohinish Shukla, Ségolène Guérin, Gregoire Vergotte, Ann-Christine Ehlis, Judit  Gervain",Complete (agreement from at least 5 team members)
Randomization,"Randomization is the process of setting up a random, i.e. accidental or arbitrary, order of experimental trials/runs/sessions/conditions or an assignment of participants to specific (sub-)groups or treatments without restrictions (i.e., every order or assignment is possible). If randomization follows specific rules or is limited by specific restrictions, then it is pseudorandomization (i.e., not every order or assignment is possible).

",Experimental Design,"Pseudorandomization, Quasirandom",,,,(if applicable) ,(if applicable) ,(if applicable) ,Thomas Dresler,"Mahmoud Elsherif, Christina Artemenko, Jason Longhurst, Mohinish Shukla, Katharina Stute, Ann-Christine Ehlis, Judit Gervain",Complete (agreement from at least 5 team members)
Region of interest, Particular regions of interest (ROI) of the brain that are defined when performing a fNIRS measurement (i.e. targeting only specific brain regions) or when analyzing the fNIRS data. ,Experimental design,"Optode template, Montage",ROI,Imaging Region of Interest,"<a href="" National Cancer Institute. National Cancer Institute Thesaurus, 2017. Documentation page available on http://nciterms.nci.nih.gov."" target=""_blank""> National Cancer Institute. National Cancer Institute Thesaurus, 2017. Documentation page available on http://nciterms.nci.nih.gov.</a><p></p><a href=""https://doi.org/10.1038/s41598-018-21716-z
"" target=""_blank"">https://doi.org/10.1038/s41598-018-21716-z
</a><p></p><a href=""https://academic.oup.com/scan/article/2/1/67/2362895
"" target=""_blank"">https://academic.oup.com/scan/article/2/1/67/2362895
</a><p></p>
",, ,,Felix Scholkmann," Ann-Christine Ehlis, Franziska Klein, Haiyan Kong, Oliver Seidel-Marzi, Vanessa Reindl, Jason Longhurst",Complete (agreement from at least 5 team members)
Reaction time,"Reaction time (RT) is the time elapsing between stimulus presentation (e.g., stimulus onset or some other relevant time point during stimulus presentation) and the registered onset of the participant’s behavioral response (e.g., via a button press). In fNIRS experiments, reaction times are often used as additional behavioral measurements to examine links between brain and behavior. 

",Experimental design,"Performance, Accuracy, Response speed",RT,Response time,,(if applicable) ,(if applicable) ,(if applicable) ,Christina Artemenko,"Katharina Stute, Abi Fiske, Sara Sanchez-Alonso, Gregoire Vergotte, Lenaic Borot, Ségolène Guérin, Oliver Seidel-Marzi, Ann-Christine Ehlis, Judit Gervain",Complete (agreement from at least 5 team members)
Rest period," Rest period refers to the intervals of time during an experimental task when the participant is not performing any task or processing stimuli. In experimental designs, rest periods often separate different blocks of an experimental task. During rest, baseline or resting state activation is being measured, and is typically used as a comparison for analyzing brain activation during a task or stimulation.",Experimental design,"Task period, Baseline, Baseline period",,Resting period,"<a href="" https://doi.org/10.3389/fnhum.2018.00505"" target=""_blank""> https://doi.org/10.3389/fnhum.2018.00505</a>", , , ,OntoNIRS," Ann-Christine Ehlis, Franziska Klein, Haiyan Kong, Oliver Seidel-Marzi, Vanessa Reindl, Jason Longhurst; Antonia Hamilton, Judit Gervain",Complete (agreement from at least 5 team members)
Resting state," Resting state is a condition of a participant’s nervous system and empirical measurements thereof (e.g. with MRI, NIRS or EEG) in which no explicit external stimulation or task is given or presented. Several different brain networks, such as the default mode network, are believed to be active in this condition. Measuring resting state brain activity or connectivity is often used to establish differences between groups of participants (e.g. a clinical vs. a healthy population etc.). Various analyses may be applied to resting state data, such as functional or effective connectivity analyses.","Experimental design, Neuroscience","task period, spontaneous resting-state activity, resting-state functional connectivity",RS,,"<a href=""https://doi.org/10.1016/j.tics.2013.09.016"" target=""_blank"">https://doi.org/10.1016/j.tics.2013.09.016</a><p></p><a href=""https://doi.org/10.1016/j.neuroimage.2012.06.011
"" target=""_blank"">https://doi.org/10.1016/j.neuroimage.2012.06.011
</a><p></p><a href=""https://doi.org/10.1016/j.neuroimage.2012.01.044
"" target=""_blank"">https://doi.org/10.1016/j.neuroimage.2012.01.044
</a><p></p><a href=""https://doi.org/10.1016/j.jneumeth.2009.11.010
"" target=""_blank"">https://doi.org/10.1016/j.jneumeth.2009.11.010
</a><p></p><a href=""https://doi.org/10.3389/fnsys.2010.00019
"" target=""_blank"">https://doi.org/10.3389/fnsys.2010.00019
</a>", , , ,Judit Gervain," Margaret Chojak, Beatrix Barth, Franziska Klein, Oliver Seidel-Marzi, Chiara Bulgarelli, Ann-Christine Ehlis, Judit Gervain",Complete (agreement from at least 5 team members)
Stimulus," A stimulus is an intentionally introduced event or object by the experimenter that is presented to the participant and is aimed at being detected, requiring a reaction, or influencing the participant in some way. It is typically designed to elicit a specific response or to observe the impact on the participant’s behavior, perception, physiology or cognition.",Experimental design,,,,"<a href=""https://link.springer.com/content/pdf/10.3758/BF03207787.pdf"" target=""_blank"">https://link.springer.com/content/pdf/10.3758/BF03207787.pdf</a>",, , , Antonia Hamilton,"Vanessa Reindl, Christina Artemenko, Ségolène Guérin, Franziska Klein, Oliver Seidel-Marzi, Ann-Christine Ehlis, Judit Gervain",Complete (agreement from at least 5 team members)
Stimulus duration,"The duration (measured in milliseconds, seconds, or minutes) that a stimulus is presented to the participant, from stimulus onset to stimulus offset.
",Experimental design,"Stimulus onset, Stimulus offset",,,,(if applicable) ,(if applicable) ,(if applicable) ,Christina Artemenko,"Abi Fiske, Mohinish Shukla, Katharina Stute, Ann-Christine Ehlis, Judit Gervain",Complete (agreement from at least 5 team members)
Stimulus onset,Stimulus onset is the time-point when a specific stimulus first appears or is presented.,Experimental design,Stimulus offset,,onset,"<a href=""National Cancer Institute. National Cancer Institute Thesaurus, 2017. Documentation page available on http://nciterms.nci.nih.gov."" target=""_blank"">National Cancer Institute. National Cancer Institute Thesaurus, 2017. Documentation page available on http://nciterms.nci.nih.gov.</a><p></p><a href=""https://doi.org/10.1038/nn.2501
"" target=""_blank"">https://doi.org/10.1038/nn.2501
</a><p></p>
", ,, , Hackathon Team," Thomas Dresler, Oliver Seidel-Marzi, Christina Artemenko, Vanessa Reindl, Jason Longhurst, Haiyan Kong, Judit Gervain, Ann-Christine Ehlis",Complete (agreement from at least 5 team members)
Stimulus offset,"Stimulus offset is the time-point when a specific stimulus is stopped, removed, or turned off.

",Experimental design,"Stimulus, Stimulus onset",,offset,"<a href=""https://doi.org/10.3389/fnhum.2022.821539"" target=""_blank"">https://doi.org/10.3389/fnhum.2022.821539</a>",(if applicable) ,(if applicable) ,(if applicable) ,Talukdar Raian Ferdous," Haiyan Kong, Katharina Stute, Samuel Montero-Hernandez, Ségolène Guérin, Jason Longhurst, Ann-Christine Ehlis, Judit Gervain",Complete (agreement from at least 5 team members)
Stimulus Onset Asynchrony,"Stimulus onset asynchrony describes the time period between the onset of one stimulus (S1) and the onset of the next stimulus (S2). The two stimuli may vary to a large extent in terms of similarity (e.g., S1: sound; S2: word). The stimulus onset asynchrony can be manipulated experimentally to determine the effects on dependent measures such as reaction time or brain activity, or to account for systematic physiological factors that can affect the interpretation of results.",Experimental Design,"Stimulus, Reaction Time, Priming, Inter-stimulus/trial interval, Jitter",SOA,,"Posner, M. I., & Cohen, Y. (1984). Components of visual orienting. Attention and Performance X: Control of Language Processes, 32, 531–556.<p></p><a href=""https://doi.org/10.1111/j.1467-9280.2006.01690.x
"" target=""_blank"">https://doi.org/10.1111/j.1467-9280.2006.01690.x
</a><p></p>
", , , ,Simone Cutini," Mahmoud Elsherif, Ann-Christine Ehlis, Thomas Dresler, Christina Artemenko, Mohinish Shukla, Katharina Stute, Judit Gervain",Complete (agreement from at least 5 team members)
Stroop task,"The Stroop task is a cognitive task in which a (physical) property of a stimulus can be congruent or incongruent with the stimulus’ meaning or function. In one of its most common versions, the color in which a word is written may be the same as the meaning of the word (the word “blue” written in blue font) for the congruent condition and different from it (“blue” written in red font) in the incongruent condition. Participants’ performance on incongruent stimuli is usually poorer (i.e., more often incorrect) and/or slower than in the congruent trials because of the interference that ensues between the meaning/function and the physical property of a stimulus. The task is named after John Ridley Stroop.",Experimental Design,,,,"<a href=""https://doi.org/10.1037/10870-002"" target=""_blank"">https://doi.org/10.1037/10870-002</a><p></p><a href=""https://doi.org/10.1037/h0054651
"" target=""_blank"">https://doi.org/10.1037/h0054651
</a>", , , ,Judit Gervain," Mahmoud Elsherif; Lenaic Borot; Gregoire Vergotte; Ann-Christine Ehlis; Haiyan Kong; Simone Cutini, Thomas Dresler, Oliver Seidel-Marzi, Jason Longhurst, Judit Gervain",Complete (agreement from at least 5 team members)
Task,"A task is an experimental condition or manipulation set by an experimenter who instructs participants to respond in a particular way to a particular set of stimuli. For example, in a Stroop task, the participant is instructed to respond to the color of the letters (not the word meaning). Tasks can be very simple (e.g., watch the movie) or very complex (task switching studies) but they provide the primary way by which an experimenter can direct the cognitive processes of a participant and then analyze the neural systems engaged in those cognitive processes.",Experimental design,Block-design; Event-related design; Experimental Paradigm,,,, , , , Antonia Hamilton," Ann-Christine Ehlis, Thomas Dresler, Oliver Seidel-Marzi, Vanessa Reindl, Mohinish Shukla, Judit Gervain",Complete (agreement from at least 5 team members)
Task period,"In an experiment, task period refers to the time interval during which the participant is engaged in a particular activity or experimental condition that is designed to evoke a hemodynamic response in the brain. The task period is often preceded and followed by a baseline or rest period, and task and rest periods are typically repeated several times throughout the experiment.",Experimental design,,,task periods,"<a href=""https://doi.org/10.1109/ACCESS.2020.2993620"" target=""_blank"">https://doi.org/10.1109/ACCESS.2020.2993620</a>", ," rest period, baseline period", ,Haiyan Kong," Haiyan Kong, Vanessa Reindl, Renato Orti, Jason Longhurst, Christina Artemenko, Murat Can Mutlu Lenaic Borot, Franziska Klein, Ann-Christine Ehlis",Complete (agreement from at least 5 team members)
Trigger,"A trigger is a timing marker of experimental events and is typically used to synchronize various signals in time. A trigger is represented by a certain value (e.g., numbers, letters), with different values indicating different events (e.g., start or end of a stimulus, trial, block, or condition).",Experimental Design,"Stimulus onset, Stimulus offset, Response onset, Block design, Event-related design, Lab Streaming Layer (LSL)",,"Stimulus marker, Event marker",, , , ,"Christina Artemenko, Ségolène Guérin"," Mahmoud Elsherif, Ségolène Guérin, Franziska Klein, Vanessa Reindl, Jason Longhurst, Mohinish Shukla, Ann-Christine Ehlis, Judit Gervain",Complete (agreement from at least 5 team members)
Within-participant design, Within-participant design is a type of study design where each participant is exposed to every experimental condition or treatment. One of the main benefits of a within-participant design is that it reduces the noise that can be attributed to inter-individual variation across participants. ,Experimental Design,"Between-participant design, Individual differences, Experimental design",,"Within-group design, Within-subject design","<a href=""https://doi.org/10.1073/pnas.1510343112"" target=""_blank"">https://doi.org/10.1073/pnas.1510343112</a><p></p><a href=""https://doi.org/10.1073/pnas.0806530105
"" target=""_blank"">https://doi.org/10.1073/pnas.0806530105
</a><p></p>
", , , ,Lauren Emberson," Ségolène Guérin; Ann-Christine Ehlis, Franziska Klein; Haiyan Kong, Thomas Dresler, Oliver Seidel-Marzi, Jason Longhurst, Judit Gervain",Complete (agreement from at least 5 team members) 
3D-Digitizer,"A three-dimensional (3D) digitizer measures the exact location of specific points on a real-world object and converts this information into a set of 3D points in a coordinate system. It is typically used to record the position of fNIRS optodes on the participant’s head together with reference points or anatomical landmarks. Later this information can be used to obtain MNI coordinates of the optodes or channels by using spatial registration tools.In contrast to non-contacting 3D Scanners, which utilize technologies such as lasers, sound, or magnetism to scan an entire object or area, 3D digitizers are close-distance systems that use a stylus or articulated arm to mark points on an actual object based on an electromagnetic field.
",Hardware,"spatial registration, 3D Scanner",,Digitizer,"<a href=""https://doi.org/10.1016/j.neuroimage.2005.05.019, https://doi.org/10.1109/EMBC.2013.6611270  "" target=""_blank"">https://doi.org/10.1016/j.neuroimage.2005.05.019, https://doi.org/10.1109/EMBC.2013.6611270  </a><p></p><a href=""https://peerj.com/articles/11804/
"" target=""_blank"">https://peerj.com/articles/11804/
</a><p></p>10.1002/oa.1156
", , , ,Vanessa Reindl," Talukdar Raian Ferdous, Aykut Eken, Christian Bartkowski, Samuel Montero-Hernandez, Stefan Carp",Complete (agreement from at least 5 team members)
Accelerometer,"Accelerometer is a device that measures the acceleration caused by movement and gravity, typically in one or more of the three planes of movement and/or three rotational axes. In fNIRS applications, accelerometers can be used to measure the amount, degree, and timing of head and/or body movements during measurement to regress out corresponding motion artifacts from brain hemodynamics.It can also be used to flag potential artifacts for further analysis and/or, in cases when movement is part of the protocol, to relate the type of movement to the measured signal.",Hardware,"motion, movement, motion artifact, movement artifact, gyroscope, Inertial Measurement Unit (IMU), sensor, wearable fNIRS, portable fNIRS, fDCS ","ACC, ACCL",Motion Sensor ,"<a href=""https://doi.org/10.1016/j.jneumeth.2015.02.006"" target=""_blank"">https://doi.org/10.1016/j.jneumeth.2015.02.006</a><p></p><a href=""https://doi.org/10.1117/1.3606576
"" target=""_blank"">https://doi.org/10.1117/1.3606576
</a><p></p><a href=""https://doi.org/10.1016/j.neuroimage.2019.116472
"" target=""_blank"">https://doi.org/10.1016/j.neuroimage.2019.116472
</a><p></p><a href=""https://doi.org/10.1016/j.neuroimage.2019.06.021
"" target=""_blank"">https://doi.org/10.1016/j.neuroimage.2019.06.021
</a>", , , ,Jason Longhurst," D. Busch, Edgar Guevara, Aykut Eken, Christian Bartkowski, Samuel Montero-Hernandez, Turgut Durduran, Stefan Carp",Complete (agreement from at least 5 team members)
Ambient Light,"Ambient light is any light that does not originate from the emitters of the fNIRS device (e.g., sunlight, neon light). Depending on their nature, some ambient light sources may affect fNIRS measurements. For instance, they may introduce additional noise into the fNIRS signal or fully saturate the detectors.",Hardware,Optode Cover,AML (observed in only one manuscript),,"<a href=""https://doi.org/10.1016/j.ijleo.2020.165116"" target=""_blank"">https://doi.org/10.1016/j.ijleo.2020.165116</a><p></p><a href=""https://doi.org/10.4172/2167-1222.1000258
"" target=""_blank"">https://doi.org/10.4172/2167-1222.1000258
</a><p></p><a href=""https://doi.org/10.1016/j.ijleo.2020.165116
"" target=""_blank"">https://doi.org/10.1016/j.ijleo.2020.165116
</a>", , , ,"Jason Longhurst, Meryem Yucel"," Mahmoud Elsherif, Edgar Guevara, David Mehler, Ségolène Guérin, Rickson Mesquita, Michael Lührs, Stefan Carp",Complete (agreement from at least 5 team members)
Avalanche Photodiode,"Avalanche photodiodes utilize the avalanche multiplication process to achieve higher electric output. The avalanche photodiode resembles a PIN photodiode except for the insertion of an additional p-type multiplying region. Most of the incident photons are absorbed in the intrinsic (‘I’) region and electron-hole pairs are first generated in this region as in the PIN photodiode. The holes drift toward the p-type region (‘P’) and the electrons toward the n-type (‘N’). The electrons, before reaching the n-type region, pass through a p-type multiplying region. If the electrons have undergone sufficient acceleration on reaching the multiplying region, new electron-hole pairs are generated by the collision- ionization process. The newly generated electron-hole pairs themselves generate more electron-hole pairs. The drawbacks to avalanche photodiodes are the high bias voltage needed, and the temperature compensation necessary for stable operation. ",Hardware,"Photomultiplier tube, Detector, Sensor, Silicon Photomultiplier",APD,,E. Hui Pan. Fiber Optics Weekly Update. Information Gatekeepers Inc.," An avalanche photodiode (APD) is a type of semiconductor photodetector used to detect low levels of light in applications such as fNIRS. It is based on the principle of avalanche multiplication, which occurs when an electron in the photodiode collides with an atom and generates a cascade of secondary electrons, resulting in a much larger current than would be caused by a single photon.", , ,OntoNIRS," Franziska Klein, Edgar Guevara, Christian Bartkowski, Samuel Montero-Hernandez",Open for review 
Average Optical Power,Average optical power is the mean power of an optical signal (e.g. continuous light or repeated light pulses) within a specific period of time. ,Hardware,,,,, , , ,Meryem Ayşe Yücel, Heidrun Wabnitz,Pending    
Broadband NIRS,"Broadband NIRS (bNIRS) is an optical imaging technique that measures in-vivo changes in tissue hemodynamics (oxyhemoglobin and deoxyhemoglobin) and, often, other biomarkers such as  metabolism (e.g., redox state of cytochrome-c-oxidase or (oxCCO)). Tissue light attenuation measurements are performed at a larger number of wavelengths than typical 2-4 wavelength NIRS instruments, e.g., spanning 600 to 1000 nm at 1 nm wavelength resolution, to reduce crosstalk effects and noise.In contrast to fNIRS systems, bNIRS use broadband light sources, for example, a tungsten halogen light source emitting light between 200 - 2500 nm and a wavelength-dependent detector (e.g., a spectrophotometer). Optical filters may be placed in the source or detector optical path to narrow the spectrum to the region of interest.
",Hardware,multi-wavelength fNIRS,bNIRS,,"<a href=""https://doi.org/10.1117/1.JBO.21.9.091307"" target=""_blank"">https://doi.org/10.1117/1.JBO.21.9.091307</a><p></p><a href=""https://doi.org/10.3390/metabo12030260
"" target=""_blank"">https://doi.org/10.3390/metabo12030260
</a><p></p><a href=""https://doi.org/10.1038/s41598-021-83420-9
"" target=""_blank"">https://doi.org/10.1038/s41598-021-83420-9
</a><p></p><a href="" https://doi.org/10.1364/BOE.3.000064
"" target=""_blank""> https://doi.org/10.1364/BOE.3.000064
</a><p></p><a href=""https://doi.org/10.1117/12.700894
"" target=""_blank"">https://doi.org/10.1117/12.700894
</a>", , , ,Paola Pinti," Edgar Guevara, Christian Bartkowski, D Busch, Musa Talati, M. Atif Yaqub, Turgut Durduran, Alessandro Torricelli, Stefan Carp",Complete (agreement from at least 5 team members)
Calibration,"The set of operations which establish, under the conditions of the experiment to be run, the relationship between values indicated by a measuring instrument or measuring system, or values, represented by a material measure, and the corresponding known value of a measurand or its derivative. The result of a calibration permits the estimation of errors of indication of the measuring instrument, or the assignment of values to marks on arbitrary scales. The result of a calibration is sometimes expressed as a calibration factor, or as a series of calibration factors in the form of a calibration curve. ",Hardware,,,,"<a href=""G. van der Horn and J. Huijsing. Integrated Smart Sensors: Design and Calibration. The Springer International Series in Engineering and Computer Science. Springer US, 1997. https://link.springer.com/book/10.1007/978-1-4757-2890-3"" target=""_blank"">G. van der Horn and J. Huijsing. Integrated Smart Sensors: Design and Calibration. The Springer International Series in Engineering and Computer Science. Springer US, 1997. https://link.springer.com/book/10.1007/978-1-4757-2890-3</a>", , , ,OntoNIRS," Mohinish Shukla, Heidrun Wabnitz, M. Atif Yaqub, Nick Ross, D Busch, Stefan Carp",Complete (agreement from at least 5 team members)
Cap,"Cap is a wearable garment that is put on a participant’s head to stabilize the positions of the optodes (i.e., hold the light sources and detectors in place) and ensure continuous contact of the optodes with the scalp. It affects (long-term) wearing comfort and can be therefore made of various materials, such as stretchable fabrics, rubber, silicone, or foam, and is often designed to fit a specific head size and shape.It typically has built-in holders or holes to insert the probes or modules. A cap also plays an important role in isolating detectors from ambient light.",Hardware,headgear,,,"<a href=""https://doi.org/10.1364/ao.54.000576"" target=""_blank"">https://doi.org/10.1364/ao.54.000576</a>", , , ,Ola Dopierala,"Talukdar Raian Ferdous, Franziska Klein, Christian Bartkowski, Edgar Guevara, M. Atif Yaqub ",Complete (agreement from at least 5 team members)
Dark Noise,"Dark noise refers to the signal detected by a sensor when no input is present. Ideally, a perfect optical sensor should have a noiseless zero output signal in the absence of light, indicating no background signal or noise. In practice, inherent electronic noise, dark current noise, thermal noise combine to produce a non-zero output signal with noise despite a lack of input light. High dark noise levels and/or a large relative variation of dark noise levels can reduce the quality of measurement data.",Hardware,"correlated noise, after pulsing, dark current noise, dark current, thermal noise, electronic noise, ambient light, background signal",,,"Radiometric Calibration: Theory and Methods, Chapter  Dark-Noise Analysis, Clair Wyatt<p></p><a href=""https://doi.org/10.1117/12.790659
"" target=""_blank"">https://doi.org/10.1117/12.790659
</a>", , , ,Christian Bartkowski," Talukdar Raian Ferdous, Heidrun Wabnitz, D Busch, Nick Ross, Franziska Klein, Turgut Durduran, Alessandro Torricelli, Stefan Carp",Complete (agreement from at least 5 team members) 
Detector,"Detector is an optoelectronic element that receives light and converts it into electrical signals. In fNIRS, a detector typically refers to a device, such as an avalanche photodiode or a photomultiplier tube that detects the near-infrared light that has passed through the measured tissue.",Hardware,"Sensor, Source, Photomultiplier Tube, Avalanche Photodiode, Photodiode, Photodetector, Silicon Photomultiplier","Rx, D, DET","Receiver, Sensor","<a href=""National Cancer Institute. National Cancer Institute Thesaurus, 2017. Documentation page available on http://nciterms.nci.nih.gov. https://doi.org/10.1117/12.2037559, https://www.rp-photonics.com/photodetectors.html,"" target=""_blank"">National Cancer Institute. National Cancer Institute Thesaurus, 2017. Documentation page available on http://nciterms.nci.nih.gov. https://doi.org/10.1117/12.2037559, https://www.rp-photonics.com/photodetectors.html,</a><p></p><a href=""https://doi.org/10.3390/app10186522, 
"" target=""_blank"">https://doi.org/10.3390/app10186522, 
</a>", , , ,"Christian Bartkowski, Murat Can Mutlu"," Christian Bartkowski, Murat Can Mutlu, Nick Ross, Edgar Guevara, Heidrun Wabnitz, Stefan Carp",Complete (agreement from at least 5 team members)
Detector Optode,"Detector (or detection) optode is a common term which often identifies a part of an fNIRS system that is in contact with the surface of the tissue being measured. A detector optode either directly contains the photodetector (see definition of “detector”) or can hold the distal end of the detector fibers, and may also include a light guide, a lens, an optical filter and a housing.",Hardware,"Optode, Detector, Motion Sensor, Source, Photomultiplier Tube, Avalanche Photodiode, Photodiode, Photodetector, Silicon Photomultiplier ",,,"<a href=""National Cancer Institute. National Cancer Institute Thesaurus, 2017. Documentation page available on http://nciterms.nci.nih.gov. https://doi.org/10.1117/12.2037559, https://www.rp-photonics.com/photodetectors.html,"" target=""_blank"">National Cancer Institute. National Cancer Institute Thesaurus, 2017. Documentation page available on http://nciterms.nci.nih.gov. https://doi.org/10.1117/12.2037559, https://www.rp-photonics.com/photodetectors.html,</a><p></p><a href=""https://doi.org/10.3390/app10186522, 
"" target=""_blank"">https://doi.org/10.3390/app10186522, 
</a>", , , ,"Meryem Ayşe Yücel, Heidrun Wabnitz","Nick Ross, Turgut Durduran, Alessandro Torricelli, Samuel Montero-Hernandez",Open for review
Detector Sensitivity,"Detector sensitivity refers to the ability of the detector to convert incoming light/photons into an electrical signal. It is defined as the ratio of the change in the output quantity of the detector against the change in the input quantity of the detector (also known as responsivity). It can be formulated as the observed change in the output current of the detector for a change in the power of the incident light in fNIRS devices (unit: Ampere/Watt or Ampere/Lumen). Detector sensitivity can be affected by several factors, including the detector material, the size and shape of the detector, the quality of the optics, and the electronics used to amplify the detector signal.
",Hardware,"Detector, Detectivity, Responsivity, Noise equivalent power",,,"<a href=""https://doi.org/10.1201/9781315217109"" target=""_blank"">https://doi.org/10.1201/9781315217109</a>", , , ,Murat Can Mutlu," Franziska Klein, Christian Bartkowski, Usama A Syed, M. Atif Yaqub, Samuel Montero-Hernandez, Heidrun Wabnitz ",Complete (agreement from at least 5 team members)
Diffuse optical tomography,"Diffuse optical tomography (DOT) refers to the use of a tomographic algorithm to reconstruct, at least (but not limited to)  oxygenated and deoxygenated hemoglobin concentrations volumetrically from multiple spatially distinct measurements. This 3D reconstruction can improve quantification and localization of cortical hemodynamics. ",Hardware,"high-density DOT, diffuse optical imaging (DOI), fNIRS, NIRS",DOT,,"<a href=""https://doi.org/10.1117/1.NPh.6.3.035007"" target=""_blank"">https://doi.org/10.1117/1.NPh.6.3.035007</a><p></p><a href=""https://doi.org/10.1364/AO.45.008142
"" target=""_blank"">https://doi.org/10.1364/AO.45.008142
</a>", , , ,Lauren Emberson," David Busch, Franziska Klein, Nick Ross, M. Atif Yaqub, Samuel Montero-Hernandez, Turgut Durduran, Meryem Ayse Yucel",Complete (agreement from at least 5 team members)
Dual slopes,"Dual slope approach requires at least two sources and two detectors organized in specially structured arrays and either a continuous-wave (CW) or frequency domain (FD) system. The approach gives increased sensitivity to deeper tissue as well as more robustness to experimental errors and variability in opto-mechanical coupling. The spatial gradient of DC amplitude, AC amplitude, or phase vs source-detector distance is referred to as the slope.",Hardware,,,,"<a href=""https://doi.org/10.1364/JOSAA.36.001743"" target=""_blank"">https://doi.org/10.1364/JOSAA.36.001743</a>", , , ," Edgar Guevara, D Busch"," Nick Ross, Turgut Durduran, Stefan Carp",Open for review
Fiber optic,"Fiber optic is a filament of a dielectric material that has transparency to a portion of the optical spectrum and structure so that light is propagated through the fiber. It consists of a central core surrounded by a cladding. In a typical step-index fiber, the core has an index of refraction $n_{1}$ that is slightly higher than that of its surrounding cladding $n_{2}$. In a ray-optics model, illuminating the end of the fiber starts rays along many possible paths in the core and cladding. A ray whose path meets the core-clad boundary at a small enough angle is reflected back into the core, and thereby, is confined to the core by a series of total internal reflections and such a ray may thus propagate for long distances (>km) in the fiber core. Similar principles apply to graded-index fiber optics for which the transition between $n_1$ and $n_2$ is gradual.",Hardware,,FO,"optical fiber, glass fiber, optical guide"," Optical Materials: Volume 1. Optical Materials. Taylor & Francis, 1990<p></p><a href=""https://doi.org/10.1201/9781003210139
"" target=""_blank"">https://doi.org/10.1201/9781003210139
</a>", , , ,OntoNIRS," D Busch, Christian Bartkowski, Nick Ross, Alessandro Torricelli, Samuel Montero-Hernandez",Complete (agreement from at least 5 team members)
Frequency domain multidistance NIRS,"By capturing the change in intensity and phase at multiple source detector separations/distances, the frequency-domain (FD) multidistance NIRS technique can estimate absolute values of absorption and scattering of the medium, and subsequently chromophore concentrations. This may involve one or more modulation frequencies. The key here is that these measurements are taken at multiple source detector separations as opposed to one. Ideally, this allows one to obtain the optical properties of the medium under investigation without performing a calibration measurement on a tissue-like medium. Additionally, this allows a simpler processing method requiring linear regression only instead of non-linear optimization to get absorption and scattering of the medium. However, most practical multi-distance frequency-domain multidistance NIRS systems do utilize a phantom calibration of the coupling coefficients between the sources/detectors and media.", Hardware ,"frequency domain, source detector separations, time domain, continuous wavelength fNIRS",FDMD-NIRS,,"<a href=""https://doi.org/10.1117/12.183988"" target=""_blank"">https://doi.org/10.1117/12.183988</a><p></p><a href=""https://dx.doi.org/10.1088/0031-9155/46/1/304
"" target=""_blank"">https://dx.doi.org/10.1088/0031-9155/46/1/304
</a><p></p><a href=""https://doi.org/10.1364/BOE.2.000552
"" target=""_blank"">https://doi.org/10.1364/BOE.2.000552
</a>", , , ,Nick Ross," Franziska Klein, M. Atif Yaqub, D Busch, Turgut Durduran, Heidrun Wabnitz, Stefan Carp",Complete (agreement from at least 5 team members)
Frequency multiplexing,"Distinguishing different channels by modulating the light source at non-overlapping frequencies. In fNIRS devices, each light emitter can be codified with a specific frequency modulation through frequency multiplexing, which allows simultaneous detection of all sources at any given detector. The demultiplexing would then be employed to measure the amount of signal detected coming from each source.",Hardware,Time multiplexing,N/A,NaN,DOI: 10.1117/1.nph.8.1.012101, , , ,"OntoNIRS, Rickson Mesquita"," Franziska Klein, Rickson Mesquita, Guy Perkins, Stefan Carp",Complete (agreement from at least 5 team members) 
Full width at half maximum of spectral power distribution,Difference of the wavelength between the two points whose corresponding power values are equal and 3 dB lower than the values at each peak wavelength.  ,Hardware,peak wavelength,FWHM,,"IEC 80601-2-71:2015, 201.3.204  ", , , ,IEC 80601-2-71, Heidrun Wabnitz,No review (ISO/IEC term)
Gyroscope,"A gyroscope is a device that measures or maintains orientation and angular velocity (in rad/s). It consists of a spinning rotor that detects changes in angular velocity when the frame it is mounted on rotates. Gyroscopes can be used independently or integrated into inertial measurement units (IMUs). In fNIRS, gyroscopes are often used in combination with an accelerometer mounted at the optode level to track head motion (i.e., position and orientation) during data acquisition.
",Hardware,"Accelerometer, Inertial Measurement Unit (IMU), Motion Artifacts",Gyro,,"<a href=""https://doi.org/10.3390/s17102284"" target=""_blank"">https://doi.org/10.3390/s17102284</a>", , , ,"Christian Bartkowski, Franziska Klein"," Edgar Guevara, Christian Bartkowski, Nick Ross, M. Atif Yaqub, Samuel Montero-Hernandez",Complete (agreement from at least 5 team members) 
Headgear,Equipment and materials that hold the sources and detectors in a specific source-detector arrangement with a good scalp coupling at the desired location on the head. Headgear may include optode grids that maintain a fixed source-detector spacing as well as headbands or caps to place the optodes on the head. ,Hardware,Cap,,,"<a href=""https://doi.org/10.1016/j.neubiorev.2009.07.008"" target=""_blank"">https://doi.org/10.1016/j.neubiorev.2009.07.008</a><p></p><a href=""https://doi.org/10.1016/j.dcn.2018.01.009
"" target=""_blank"">https://doi.org/10.1016/j.dcn.2018.01.009
</a><p></p><a href=""http://dx.doi.org/10.1016/j.dcn.2016.11.005
"" target=""_blank"">http://dx.doi.org/10.1016/j.dcn.2016.11.005
</a><p></p><a href=""http://dx.doi.org/10.3389/fpsyg.2011.00222
"" target=""_blank"">http://dx.doi.org/10.3389/fpsyg.2011.00222
</a>", , , ,M. Atif Yaqub," Mahmoud Elsherif; Gregoire Vergotte, Vanessa Reindl, Christian Bartkowski, Simone Cutini, Jason Longhurst",Complete (agreement from at least 5 team members)
High Density Source-detector Array,Arrangement of sources and detectors in an interlaced lattice with the first nearest neighbor distance of up to 15 mm in adults for most implementations. It would be different in an infant head. The term “high density” allows it to be differentiated from the “traditional” sparse optode placement with several cm (~3) between optodes. ,Hardware,"High Density Diffuse Optical Tomography (HD-DOT), Ultra-high density (UHD)",HD,,"<a href=""https://doi.org/10.1063/1.5086809"" target=""_blank"">https://doi.org/10.1063/1.5086809</a><p></p><a href=""https://doi.org/10.1109/OJEMB.2023.3248492
"" target=""_blank"">https://doi.org/10.1109/OJEMB.2023.3248492
</a><p></p><a href=""https://doi.org/10.1117/1.NPh.10.2.025007
"" target=""_blank"">https://doi.org/10.1117/1.NPh.10.2.025007
</a><p></p><a href=""https://fnirs.org/2022/01/01/sfnirs2022_34/
"" target=""_blank"">https://fnirs.org/2022/01/01/sfnirs2022_34/
</a>", , , ,Edgar Guevara," Edgar Guevara, Christian Bartkowski, Nick Ross, M. Atif Yaqub, Samuel Montero-Hernandez, Turgut Durduran, Stefan Carp",Complete (agreement from at least 5 team members)
High-Density Diffuse Optical Tomography,"High-Density Diffuse Optical Tomography (HD-DOT) imaging systems use dense, as in “High Density Source-detector Array“, often regularly spaced arrays of near-infrared sources and detectors to obtain overlapping measurements of the underlying hemodynamic activity. Compared to conventional multichannel fNIRS systems, the measurements obtained from source-detector pairs across various increments of neighboring distances facilitate higher spatial resolution and depth profiling. This allows a three-dimensional tomographic spatial reconstruction of cortical activity patterns comparable to those obtained using fMRI. ",Hardware,"Diffuse Optical Tomography (DOT), Ultra-high density (UHD), High Density (Source-detector Array)","HD-DOT, HDDOT",,"<a href=""https://doi.org/10.1117/1.NPh.2.2.025005"" target=""_blank"">https://doi.org/10.1117/1.NPh.2.2.025005</a><p></p><a href=""https://doi.org/10.1016/j.neuroimage.2009.07.033
"" target=""_blank"">https://doi.org/10.1016/j.neuroimage.2009.07.033
</a><p></p><a href=""https://doi.org/10.1016/j.neuroimage.2012.01.124
"" target=""_blank"">https://doi.org/10.1016/j.neuroimage.2012.01.124
</a><p></p><a href=""https://doi.org/10.1016/j.neuroimage.2015.05.058
"" target=""_blank"">https://doi.org/10.1016/j.neuroimage.2015.05.058
</a><p></p><a href=""https://doi.org/10.1080/23273798.2017.1290810
"" target=""_blank"">https://doi.org/10.1080/23273798.2017.1290810
</a><p></p><a href=""https://doi.org/10.7554/eLife.75323
"" target=""_blank"">https://doi.org/10.7554/eLife.75323
</a><p></p><a href=""https://doi.org/10.1063/1.5086809
"" target=""_blank"">https://doi.org/10.1063/1.5086809
</a><p></p><a href=""https://doi.org/10.1117/1.3368999
"" target=""_blank"">https://doi.org/10.1117/1.3368999
</a>", , , ,Aahana Bajracharya," Franziska Klein, Christian Bartkowski, Nick Ross, Samuel Montero-Hernandez, Turgut Durduran, Stefan Carp",Complete (agreement from at least 5 team members)
Imager," In the field of neuroimaging, an imager is a device records and visualizes (live) the spatial distribution of brain activity status (hemodynamic changes). Visualization typically occurs through acquisition software, presenting data in the form of diagrams, 3D models, or topographic maps to monitor the brain activity. They can be categorized as either mobile/wearable imagers or stationary/laboratory devices, depending on their portability. ",Hardware,Mobile fNIRS device,,"imager system, imaging system, imaging device, fNIRS imager","<a href=""https://doi.org/10.1109/NEBC.2003.1215988"" target=""_blank"">https://doi.org/10.1109/NEBC.2003.1215988</a><p></p><a href=""https://doi.org/10.1063/1.4704456
"" target=""_blank"">https://doi.org/10.1063/1.4704456
</a><p></p><a href=""https://doi.org/10.1117/12.341439
"" target=""_blank"">https://doi.org/10.1117/12.341439
</a><p></p><a href=""https://doi.org/10.1007/978-3-319-91287-5_22
"" target=""_blank"">https://doi.org/10.1007/978-3-319-91287-5_22
</a><p></p><a href=""https://doi.org/10.1016/j.neuroimage.2012.03.049
"" target=""_blank"">https://doi.org/10.1016/j.neuroimage.2012.03.049
</a>", , , ,Christian Bartkowski," Edgar Guevara, Nick Ross, Franziska Klein, Heidrun Wabnitz, Stefan Carp",Complete (agreement from at least 5 team members)
Inertial measurement Unit (IMU),"An Inertial Measurement Unit (IMU) is a device that measures acceleration, angular velocity, and sometimes the body's orientation, using a combination of accelerometers, gyroscopes, and/or magnetometers. It is often used for motion tracking in robotics, virtual reality, and other applications. In fNIRS research, IMU can be attached to the subject's head to track head motion during an fNIRS experiment, and this information can be used to remove the effects of head motion on the fNIRS data. 
",Hardware,"Motion Correction, Accelerometer, Gyroscope, Magnetometer ",IMU,,"<a href=""https://doi.org/10.1109/TNSRE.2020.2987888"" target=""_blank"">https://doi.org/10.1109/TNSRE.2020.2987888</a><p></p><a href=""https://doi.org/10.1186/s12938-018-0554-9
"" target=""_blank"">https://doi.org/10.1186/s12938-018-0554-9
</a>", , , ,"Franziska Klein, Talukdar Raian Ferdous"," Talukdar Raian Ferdous, Edgar Guevara, Christian Bartkowski, M. Atif Yaqub, Samuel Montero-Hernandez",Complete (agreement from at least 5 team members)
Instrument response function,"A gauge of how the components of a time-domain (TD) fNIRS system affect the experimental data. The IRF is measured by recording  a histogram of photon arrival times using the TD fNIRS system and optodes, with a carefully-designed mechanism replacing the tissue in the measurement optical light path which provides both optical attenuation and sufficient scattering, without broadening the laser pulse itself. The IRF is influenced by the laser pulse shape, the temporal response of the detector and electronics, and pulse broadening due to temporal dispersion in the optics.",Hardware,TD fNIRS,IRF,,"<a href=""http://dx.doi.org/10.1016/j.neuroimage.2013.05.106"" target=""_blank"">http://dx.doi.org/10.1016/j.neuroimage.2013.05.106</a>","The IRF characterizes the time resolution of a time-domain (TD) fNIRS system. The IRF is determined by inserting a reference sample between source and detection components of the instrument which replaces the tissue and introduces negligible additional temporal dispersion. The IRF depends on the laser pulse shape, the temporal response of the detector and electronics, and pulse broadening due to temporal dispersion in the optics, and is represented as a convolution of these individual effects.", ,http://dx.doi.org/10.1117/1.JBO.19.8.086010,"Alessandro Torricelli, Heidrun Wabnitz (alternative definition)"," D. Busch, Heidrun Wabnitz, Nick Ross, Franziska Klein, Turgut Durduran, Alesandro Torricelli, Stefan Carp",Complete (agreement from at least 5 team members) 
Light-emitting diode,"Light-emitting diode is a p-n junction, a semiconductor-based optoelectronic device, driven by a current $I$ into forward bias. Electrons and holes recombine close to the junction between the p- and n-materials and give out radiation with a frequency determined by the photon energy which in turn is determined by the material’s impurities or band gap. Some fraction of the forward current $I$ is then turned into useful light $L$ (power) formed from photons with a mean energy $hf_{m}$. The quantum efficiency is $\\eta = (eL/hf_{m}I)$. The more efficient light emitting diodes have a well-defined recombination region (volume $\\Phi$). ",Hardware,"emitter, source, laser, transmitter",LED,,"J.E. Carroll. Rate Equations in Semiconductor Electronics. Cambridge University Press, 1990."," An LED is a semiconductor device in which light is generated when an electric current is passed through it. The generated light has a wider spectral width and lower output power compared to a laser. However, LEDs have the advantage of being fairly inexpensive and portable.", , https://doi.org/10.1111/php.13219,OntoNIRS," Edgar Guevara, Franziska Klein, Heidrun Wabnitz, Nick Ross, Samuel Montero-Hernandez",Complete (agreement from at least 5 team members)
Magnetometer,"A magnetometer is a device that measures a surrounding magnetic field (e.g., the Earth’s magnetic field). Magnetometers are often included in inertial measurement units where they are used as the heading reference and to define the orientation of an object with respect to the Earth. Pairing a magnetometer with an accelerometer and gyroscope can improve the identification and removal of motion artifacts. Magnetic field strength is measured in micro Tesla ($\\mu$T). ",Hardware,"inertial measurement unit, accelerometer, gyroscope",MAG,,"<a href=""https://doi.org/10.1186/s12938-018-0554-9"" target=""_blank"">https://doi.org/10.1186/s12938-018-0554-9</a>", , , ,Franziska Klein," Usama A Syed, Nick Ross, Stefan Carp, Samuel Montero-Hernandez",Open for review
Measurement Channel,"A channel in fNIRS is typically the combination of a source and a detector that together produce a single stream of measurement data from a circumscribed portion of underlying brain (or other) tissue. A channel's position is marked mid-way between its source and detector pair in a 3D space, which also indicates the surface projection of the underlying brain area where emitted photons have the highest probability of interacting with brain tissue. ",Hardware,Short-separation channel,,"Channel, Source-detector pair","<a href=""https://doi.org/10.1186/s12938-018-0554-9"" target=""_blank"">https://doi.org/10.1186/s12938-018-0554-9</a>",, , ,Mohinish Shukla," Edgar Guevara, Heidrun Wabnitz, Mohinish Shukla, Nick Ross, M. Atif Yaqub, Turgut Durduran, Alessandro Torricelli, Meryem Ayşe Yücel",Complete (agreement from at least 5 team members) 
Mobile fNIRS device,"Mobile devices are lightweight, portable and wearable. Due to their compact and robust design, mobile fNIRS devices can be used outside the laboratory/controlled environment and in everyday life situations, enabling freely moving participants in unrestrained settings.",Hardware,"Naturalistic environment, Unrestrained settings, Movement",,"Portable fNIRS, Wearable fNIRS, Mobile Device","<a href=""https://doi.org/10.1111/nyas.13948, https://doi.org/10.1364/BRAIN.2020.BM3C.2"" target=""_blank"">https://doi.org/10.1111/nyas.13948, https://doi.org/10.1364/BRAIN.2020.BM3C.2</a>", , , ,Oliver Seidel-Marzi," Edgar Guevara, Christian Bartkowski, Usama A Syed, M. Atif Yaqub, Samuel Montero-Hernandez",Complete (agreement from at least 5 team members) 
Modulation Frequency,"Modulation frequency is the frequency (f) at which the amplitude of light is changed or modulated, in a source in frequency domain hardware.The light detected in frequency domain hardware has three components: the DC intensity, which is analogous to continuous wave measurement, the AC intensity (I) , which is the intensity of light oscillating at the given modulation frequency, and the phase (ϕ), which represents the phase difference of the emitted and detected modulated light. The phase of the detected light therefore provides information regarding how much it has been delayed (on average) as a result of photon interactions with a medium, i.e scattering. The phase is directly related to the time delay of light, τ , such that ϕ is in the order of ωτ , where ω=2πf and ω is the angular modulation frequency. For a good signal to noise ratio, it is required that ωτ≈1(radians). If ωτ is ≪ 1, there would not be a measurable phase change. If ωτ is ≫ 1, then the AC amplitude decreases and could be below the level of noise.
In the context of imaging biological tissue, time delays are on the order of nanoseconds (for source-detector separations of 2-3 centimeters), which yields optimum modulation frequencies in the order of 100 MHz.
",Hardware,"Frequency domain, Phase",lower case omega,Angular modulation frequency,"<a href="" https://doi.org/10.1364/BOE.467614"" target=""_blank""> https://doi.org/10.1364/BOE.467614</a><p></p><a href=""https://doi.org/10.1117/3.2219603
"" target=""_blank"">https://doi.org/10.1117/3.2219603
</a><p></p><a href=""https://doi.org/10.1017/cbo9781139029797
"" target=""_blank"">https://doi.org/10.1017/cbo9781139029797
</a>", , , ,"Guy Perkins, Heidrun Wabnitz"," M. Atif Yaqub, Nick Ross, Stefan Carp",Open for review
Multi Modulation Frequency fNIRS (mFD-fNIRS),"Frequency Domain measurements are typically taken at a single modulation frequency. The three measured signals from these measurements are the direct current amplitude, alternating current amplitude, and phase. These signals have a modulation frequency dependence. Multi Modulation Frequency fNIRS (mFD-fNIRS) combines multiple measurements of FD-fNIRS at different modulation frequencies, either simultaneously or by repeated measurements, each at a discrete modulation frequency. The measurements at discrete modulation frequencies are then used simultaneously for spectroscopic or tomographic reconstruction of optical properties. In current literature, the frequencies typically range from tens of MHz to 1000 MHz and have been shown to increase localization and better image resolution compared to single modulation frequency FD-fNIRS.",Hardware,"Frequency Domain, Modulation Frequency ",mFD-fNIRS,,"<a href=""https://doi.org/10.1364/BOE.435913"" target=""_blank"">https://doi.org/10.1364/BOE.435913</a><p></p><a href=""https://doi.org/10.1364/BOE.467614
"" target=""_blank"">https://doi.org/10.1364/BOE.467614
</a><p></p><a href=""https://doi.org/10.1117/1.NPh.8.4.045002
"" target=""_blank"">https://doi.org/10.1117/1.NPh.8.4.045002
</a>", , , ,Guy Perkins," Franziska Klein, Usama A Syed, Nick Ross, Turgut Durduran, Stefan Carp",Complete (agreement from at least 5 team members)
Noise Equivalent Power,"Noise Equivalent Power (NEP) quantifies the sensitivity of a detector (also often used for the instrument to define the sensitivity of the entire system). It is the minimum input power required to produce a usable output signal in the presence of noise, or in other words, a measure of the weakest optical signal that can be detected. Therefore, it is desirable to have a NEP as low as possible since a low NEP value corresponds to a lower noise floor and, consequently, a more sensitive detector. A low NEP is beneficial even at higher input intensities since it will lead to lower noise characteristics in the output signal.Technically, NEP is the input power that produces a signal-to-noise ratio (SNR) of one in a 1 Hertz (Hz) bandwidth. For photodetectors it is given in Watts per square root of Hertz (W/√Hz). However, it is also not uncommon to list a system’s sensitivity in terms of its total individual bandwidth in Watts only. Typical dimensions in the field of fNIRS are in the magnitude of pW   
To calculate Noise Equivalent Power, it is necessary to know the spectral sensitivity of the photodetector, dark noise performance, measurement bandwidth, and the current-to-voltage conversion factor.
",Hardware,"detector, performance, sensitivity",NEP,,"<a href=""10.3390/s20102831, 10.3390/s21186106, 10.1016/j.neuroimage.2022.119216, Corpus ID: 7011179, https://www.thorlabs.com/images/TabImages/Noise_Equivalent_Power_White_Paper.pdf"" target=""_blank"">10.3390/s20102831, 10.3390/s21186106, 10.1016/j.neuroimage.2022.119216, Corpus ID: 7011179, https://www.thorlabs.com/images/TabImages/Noise_Equivalent_Power_White_Paper.pdf</a>"," Noise equivalent power is a metric used to evaluate the sensitivity of a detector, which is the minimum input power required to produce a usable output signal in the presence of noise. The lower the NEP value, the more sensitive the detector is, since a low NEP corresponds to a lower noise floor. NEP is calculated as the input power that produces a signal-to-noise ratio (SNR) of one in a 1 Hertz (Hz) bandwidth, typically measured in Watts per square root of Hertz (W/√Hz). In the field of fNIRS, NEP values are typically in the magnitude of picoWatts (pW).", , ,"Christian Bartkowski, Edgar Guevara (alternative definition)"," Edgar Guevara, Murat Can Mutlu, Nick Ross, Stefan Carp, Samuel Montero-Hernandez",Complete (agreement from at least 5 team members)
Optical Loss,"Optical loss refers to the reduction in light intensity or power as it propagates through a medium (e.g. tissue or phantom). This loss occurs due to various factors such as absorption, scattering, and reflection of light. Optical loss can be quantified as the ratio between the input optical power (light emitted by the sources) and the output optical power (light received by the detectors after traversing the medium). This ratio, often expressed in decibels (dB), provides a measure of how much the emitted light signal has attenuated or weakened by the time it reaches the detectors.",Hardware,functional NIRS phantom,NaN,,"<a href=""10.3390/s20102831, 10.3390/s21186106, 10.1016/j.neuroimage.2022.119216, Corpus ID: 7011179, https://www.thorlabs.com/images/TabImages/Noise_Equivalent_Power_White_Paper.pdf"" target=""_blank"">10.3390/s20102831, 10.3390/s21186106, 10.1016/j.neuroimage.2022.119216, Corpus ID: 7011179, https://www.thorlabs.com/images/TabImages/Noise_Equivalent_Power_White_Paper.pdf</a>", , , ,Meryem Ayşe Yücel, Heidrun Wabnitz,Open for review
Optode,"An optode is the distal end of an fNIRS system which interfaces with the surface of the tissue being measured. Optodes can contain a single source (source optode), a single detector (detector optode), or a source accompanied by a short-separation detector.",Hardware,"source; detector; emitter; emission, receiver, transmitter",,,"<a href=""https://doi.org/10.1016/j.neuroimage.2005.08.008"" target=""_blank"">https://doi.org/10.1016/j.neuroimage.2005.08.008</a><p></p><a href=""https://biomedical.njit.edu/sites/biomedical/files/fNIRS%20Optode%20Helmet%20Construct.pdf
"" target=""_blank"">https://biomedical.njit.edu/sites/biomedical/files/fNIRS%20Optode%20Helmet%20Construct.pdf
</a>", , , ,"David Busch, Christian Bartkowski, Meryem Ayşe Yücel"," D Busch, Talukdar Raian Ferdous, Aykut Eken, Edgar Guevara, Christian Bartkowski, Mohinish Shukla, Heidrun Wabnitz, Alessandro Torricelli, Stefan Carp, Alessandro Torricelli",Complete (agreement from at least 5 team members) 
Optode array,Relative arrangement of linked sources and detectors on a region of interest. ,Hardware,"Probe design; Optode placement, topographic layout, Montage",,"Probe array; fNIRS array; Channel configuration; fNIRS-sensor configuration; Source–detector array, fNIRS Montage","<a href=""https://doi.org/10.1117/1.NPh.5.3.035010"" target=""_blank"">https://doi.org/10.1117/1.NPh.5.3.035010</a><p></p><a href=""https://doi.org/10.1117/1.NPh.8.1.012101
"" target=""_blank"">https://doi.org/10.1117/1.NPh.8.1.012101
</a>", A schematic arrangement of sources and detectors to create a pattern of measurement channels., , https://doi.org/10.1117/1.NPh.8.1.012101,Ségolène Guérin," Christian Bartkowski, M. Atif Yaqub, Samuel Montero-Hernandez, Nick Ross, Franziska Klein",Complete (agreement from at least 5 team members)
Optode cover,An optode cover is a protective layer of material placed over an optode to prevent ambient light from being recorded by the detectors.  ,Hardware,,,light shield,"<a href=""https://doi.org/10.1289%2FEHP2049"" target=""_blank"">https://doi.org/10.1289%2FEHP2049</a>", , Ambient Light, ,"Aykut Eken, Edgar Guevara"," Aykut Eken, Edgar Guevara, Christian Bartkowski, Samuel Montero-Hernandez, Nick Ross, Franziska Klein",Complete (agreement from at least 5 team members)
Peak Wavelength,Wavelength where the power is the largest in the spectral power distribution for each of the distinct nominal wavelengths in the light radiated from the emitter optode.,Hardware,Full width at half maximum of spectral power distribution,, ,"IEC 80601-2-71:2015, 201.3.214 ", , , ,"IEC 80601-2-71:2015, 201.3.214 ",Heidrun Wabnitz,No review (ISO/IEC term)
Phantom,"Phantoms, whether material or digital (simulations), serve as models to validate the quantitative results of imaging systems. They are specifically designed to mimic certain in vivo characteristics and the data collected using phantoms can be used as reference values for in vivo measurements.In the field of fNIRS, researchers use various types of material phantoms: 
(1) Solid phantoms which are made of a solid material like epoxy resin or polyoxymethylene containing scattering constituents, such as titanium oxide (TiO2), and absorbing constituents, such as nigrosin. Solid phantoms are commonly static and cannot model dynamic changes within the brain unless an inhomogeneity is being mechanically moved (or thermoelectrically activated) within the phantom.
(2) Semi-solid phantoms which are made of a gel-like material containing scattering and absorbing particles and help test the effects of tissue movement and deformation on fNIRS signals. 
(3) Liquid phantoms that consist of a solvent (e.g., water), a scattering agent (e.g., fat emulsion, latex spheres), and an absorber (e.g., ink,  hemoglobin). Glycerol may be added to change the viscosity, simulating a change in blood flow for DCS and similar techniques. They can model dynamic changes, however, these phantoms are typically not stable over long periods (weeks) and layered models (e.g., to simulate the brain and superficial layers) are challenging. 
(4) Multi-layer phantoms are made of multiple layers of different materials with different optical properties to simulate the layered structure of human tissue, e.g., solid compartments modeling the superficial layers of the head and a liquid section mimicking the brain layer.
Digital (simulation) phantoms  refer to different means of simulating (often with added   noise) the effects of layers, heterogeneities, optical properties, boundaries and others on the detected signals. They can be used to test different algorithms of signal analysis,  to design new hardware and to aid the interpretation of in vivo data.

",Hardware,,,,"<a href=""https://doi.org/10.1002/nbm.4421"" target=""_blank"">https://doi.org/10.1002/nbm.4421</a><p></p><a href=""https://doi.org/10.1186/s40658-020-00320-z;
"" target=""_blank"">https://doi.org/10.1186/s40658-020-00320-z;
</a><p></p><a href=""https://doi.org/10.1364/BOE.9.002068; 
"" target=""_blank"">https://doi.org/10.1364/BOE.9.002068; 
</a><p></p><a href=""https://doi.org/10.1088/0031-9155/40/5/016;
"" target=""_blank"">https://doi.org/10.1088/0031-9155/40/5/016;
</a><p></p><a href=""https://doi.org/10.1109/TIM.2020.2990261;
"" target=""_blank"">https://doi.org/10.1109/TIM.2020.2990261;
</a><p></p><a href=""https://doi.org/10.1117/1.JBO.20.12.121304
"" target=""_blank"">https://doi.org/10.1117/1.JBO.20.12.121304
</a>", , , ,"Anna Exner, Christian Bartkowski, Heidrun Wabnitz"," David Busch, Usama A Syed, Nick Ross, Franziska Klein, Samuel Montero-Hernandez, Turgut Durduran, Alessandro Torricelli",Complete (agreement from at least 5 team members)
Photomultiplier tube,"Photomultiplier tube (PMT) is a photodetection device equipped with a photocathode and electron multiplier utilized for its high gain and low light sensing capabilities. When a photon strikes the photocathode, a single photoelectron is emitted from this site. The photoelectron is then accelerated using electric fields to a structure known as a dynode. After striking the dynode, additional electrons are released which are then sent to another dynode. This process will continue for as many dynodes as contained in the PMT. The resulting photoelectron gain is ~1x106 to 1x107. In analog mode, the output of the device is a current that can be measured directly from the device. Additionally, a PMT can operate in photon counting mode, which, when combined with a pulse height discriminator and timing and counting electronics, may be utilized for TD-fNIRS. ",Hardware,"Avalanche Photodiode, Silicon Photomultiplier, Detector, Sensor",PMT,,"<a href=""https://doi.org/10.1016/B0-12-369397-7/00529-X,"" target=""_blank"">https://doi.org/10.1016/B0-12-369397-7/00529-X,</a><p></p><a href=""https://hamamatsu.magnet.fsu.edu/articles/photomultipliers.html
"" target=""_blank"">https://hamamatsu.magnet.fsu.edu/articles/photomultipliers.html
</a>", , , ,Nick Ross," D Busch, Heidrun Wabnitz, Edgar Guevara, Stefan Carp",Open for review
Power,"Radiant power refers to the amount of energy per unit time emitted by electromagnetic radiation, measured in watts (W) or decibels relative to a milliwatt (dBm) ",Hardware,"source, detector",,,"<a href=""https://doi.org/10.1089/pho.2009.2503 "" target=""_blank"">https://doi.org/10.1089/pho.2009.2503 </a>",, , ,M. Atif Yaqub," Edgar Guevara, Nick Ross,  Heidrun Wabnitz, Stefan Carp, Samuel Montero-Hernandez",Complete (agreement from at least 5 team members)
Power supply,"Power supply is an electronic device that provides a stable voltage, current, and frequency required for other devices to function correctly. This device maintains a stable rated wattage output consistently.",Hardware,,,,"<a href=""https://doi.org/10.1109/TPEL.2019.2941528"" target=""_blank"">https://doi.org/10.1109/TPEL.2019.2941528</a>", , , ,"M. Atif Yaqub, Nick Ross"," Talukdar Raian Ferdous, Nick Ross, Usama A Syed, Samuel Montero-Hernandez, Stefan Carp",Complete (agreement from at least 5 team members) 
Probe,A probe or probeset is the arrangement of optodes on the head. Probes can be placed according to the international 10-20 system and/or other anatomical landmarks. The optodes (emitters and detectors) are typically located in a grid with fixed inter-optode-distances for long-distance and short-distance channels.,Hardware,"topographic layout, optode placement, fNIRS caps, inter-optode-distance",,probeset,-,,"Optode, Sensor, Detector, Source", https://dictionary.cambridge.org/dictionary/english-german/probe,Christina Artemenko," Franziska Klein, Christian Bartkowski, Edgar Guevara. Heidrun Wabnitz, Nick Ross",Complete (agreement from at least 5 team members)
Response Time,Time required for the step response of the equipment to move from its specified percentage of the final steady-state value to the other specified percentage. Response time is conventionally denoted by the rise time or fall time that represents the interval between the times corresponding to 10 % and 90 % of the step response amplitude during the transition.,Hardware,,,probeset,"IEC 80601-2-71:2015, 201.3.215", , , ,IEC 80601-2-71, Heidrun Wabnitz,No review (ISO/IEC term)
Sampling frequency,The number of samples per second collected from a continuous signal through analog-to-digital conversion.,Hardware,,,Sampling Rate,"<a href=""https://doi.org/10.3389/fpsyg.2017.00093"" target=""_blank"">https://doi.org/10.3389/fpsyg.2017.00093</a>",Number of data samples collected per unit of time (in Hz) from each channel. , ,https://doi.org/10.1117/1.NPh.8.1.012101, Edgar Guevara; OntoNIRS (alternative definition)," Franziska Klein, Aykut Eken, Christian Bartkowski, Ann-Christine Ehlis, Thomas Dresler, Christina Artemenko, Vanessa Reindl, Murat Can Mutlu, Simone Cutini, Jason Longhurst, Haiyan Kong",Complete (agreement from at least 5 team members) 
Saturation,"In terms of a photodiode, if the incident optical power continues to increase but the photocurrent output stops growing, it indicates that the photodiode has reached saturation. The saturation limit can be adjusted by reducing the resistance seen by the load or changing the reverse bias voltage applied. The saturation point represents the upper boundary of the  photodiode’s linear range, while the lower boundary of that linear range is determined by the noise. Beyond this range, the photodiode operates in a nonlinear manner. ",Hardware,Photodiode,Psat,photocurrent output limit,"<a href=""https://doi.org/10.1364/OE.422478"" target=""_blank"">https://doi.org/10.1364/OE.422478</a><p></p><a href=""https://www.thorlabs.com/images/TabImages/Photodetector_Lab.pdf
"" target=""_blank"">https://www.thorlabs.com/images/TabImages/Photodetector_Lab.pdf
</a>", , , ,Nick Ross," Michael Lührs, Franziska Klein, Edgar Guevara, Samuel Montero-Hernandez, Stefan Carp",Complete (agreement from at least 5 team members)
Sensor,"In the context of fNIRS, a sensor typically refers to a device, such as an avalanche photodiode or photomultiplier tube, that detects the near-infrared light that has passed through or reflected from the measured tissue. Some fNIRS systems additionally incorporate other physiological sensors, such as electroencephalography (EEG) or electrocardiography (ECG), and motion sensors like accelerometers or gyroscopes. These sensors capture other physiological signals that may be relevant to the study, providing complementary information to fNIRS measurements. By offering a more comprehensive understanding of brain activity and associated physiological responses, these sensors can contribute to improving accuracy and interpretation of the results. ",Hardware,"Optode, Detector, Motion Sensor ",,,"<a href=""National Cancer Institute. National Cancer Institute Thesaurus, 2017. Documentation page available on http://nciterms.nci.nih.gov."" target=""_blank"">National Cancer Institute. National Cancer Institute Thesaurus, 2017. Documentation page available on http://nciterms.nci.nih.gov.</a><p></p><a href=""https://doi.org/10.3390/photonics6030087
"" target=""_blank"">https://doi.org/10.3390/photonics6030087
</a>", , , ,Christian Bartkowski," Christian Bartkowski, Nick Ross, Edgar Guevara, Mohinish Shukla, Franziska Klein",Complete (agreement from at least 5 team members) 
Short-separation channel," A short separation channel is generated by placing a source and a detector at a short distance, in case of the adult brain, this is typically ~ 1 cm or less, in contrast to regular long-separation channels with ~3 cm source-detector distances. At such distances, channels are mostly sensitive to systemic activity resulting from extra-cerebral tissues (i.e., scalp and skull). The signal from these channels can be used to regress out extra-cerebral contaminations from the long-separation fNIRS signal in order to isolate the cortical functional response. ",Hardware,"Extra-cerebral signal, Source-detector separation, Measurement Channel","SSC, SDC","short-distance channel, short channel","<a href=""e.g. https://doi.org/10.1016/j.neuroimage.2013.04.070"" target=""_blank"">e.g. https://doi.org/10.1016/j.neuroimage.2013.04.070</a><p></p><a href=""https://doi.org/10.1117/1.NPh.2.2.025005
"" target=""_blank"">https://doi.org/10.1117/1.NPh.2.2.025005
</a><p></p><a href=""https://doi.org/10.1117%2F1.NPh.3.3.031405 
"" target=""_blank"">https://doi.org/10.1117%2F1.NPh.3.3.031405 
</a>", ,multi-distance measurements , ,"Jörn Martin Horschig, Oliver Seidel-Marzi"," Ann-Christine Ehlis, Franziska Klein, Vanessa Reindl, Jason Longhurst, Nick Ross, Christian Bartkowski, Edgar Guevara, Nick Ross, D Busch, M Atif Yaqub, Turgut Durduran, Alessandro Torricelli",Complete (agreement from at least 5 team members)
Silicon Photodiode,"A silicon photodiode (SiPD) is a silicon solid-state device that takes photons in and puts electrons out, usually at the rate of about 5 electrons out for every 10 photons. It produces current when photons impinge upon it; a silicon photodiode does not require an external power source in order to operate. SiPDs are commonly used as detectors in fNIRS systems because they are sensitive to light in the near-infrared spectrum. They are compact, fast, and have low noise, making them well-suited for use in wearable fNIRS systems besides laboratory systems.  ",Hardware,"Detector, Sensor",SiPD,,"<a href=""https://doi.org/10.1364/AO.39.006466"" target=""_blank"">https://doi.org/10.1364/AO.39.006466</a>",, , ,"OntoNIRS, Christian Bartkowski"," Franziska Klein, Christian Bartkowski, D Busch, Nick Ross M. Atif Yaqub, Samuel Montero-Hernandez",Complete (agreement from at least 5 team members) 
Silicon Photomultiplier,"The silicon photomultiplier (SiPM) is a type of sensor/detector with compactness, wide dynamic range, fast timing, and high gain factors. SiPMs are solid-state photodetectors made of an array of hundreds or thousands of integrated single-photon avalanche diodes (SPADs), called microcells or pixels whose outputs are merged into one, and therefore result in high sensitivity, wide dynamic range, and gain factors of 105 to 106, while allowing small construction sizes to even 1.1 x 1.1 mm2 frame sizes. Upon detecting a photon, the SPAD generates a large electrical output signal due to internal avalanche multiplication. The SiPM allows one to detect and count photons with high resolution and single photon sensitivity. The internal avalanche amplification is also fast enough to obtain excellent timing information on the arrival time of the detected photons within several tens of picoseconds.  
However, the supply voltage depends on the APD technology used. It typically varies between 20 V and 100 V, thus being from 15 to 75 times lower than the voltage required for a photomultiplier tube's (PMT) operation but also 5 to 20 times higher than for a SiPD. These high voltages require additional safety measures for applications on the human head. Furthermore, like APDs, SiPMs have a high temperature sensitivity and increased noise components. However, SiPMS have a smaller dynamic range and saturation occurs at lower light levels when compared to APDs
",Hardware,"avalanche photodiode, APD, silicone photodiode, SiPD, detector, sensor, single photon avalanche diodes, SPAD, PMT, photomultiplier tube",SiPM,"solid-state photomultiplier (SSPM), or multi-pixel photon counter (MPPC)","<a href=""https://doi.org/10.1088/1361-6560/ab7b2d"" target=""_blank"">https://doi.org/10.1088/1361-6560/ab7b2d</a><p></p><a href=""https://doi.org/10.1142/9789812776464_0101
"" target=""_blank"">https://doi.org/10.1142/9789812776464_0101
</a>", , , ,Christian Bartkowski," Franziska Klein, Nick Ross, Alessandro Torricelli, Stefan Carp",Open for review
Smart Textiles,"Smart textiles (ST) are fabrics-based products that can sense (Passive ST), react (Active ST), and even adapt (Ultra ST) to their environment, whereby stimuli can have an electrical, photonic, thermal, chemical, magnetic, etc. origin. For this, they are fitted with electronic components to process information. The decision can occur locally in embedded electronic devices or remotely via connected external systems. ",Hardware,"headgear, headband, caps, patches, armband, shirt, detectors, sources ",ST,"Smart Clothing, Smart Garments, Smart Fabrics","<a href=""https://doi.org/10.1007/978-3-319-50124-6_1"" target=""_blank"">https://doi.org/10.1007/978-3-319-50124-6_1</a><p></p><a href=""https://shop.elsevier.com/books/smart-textiles-and-their-applications/koncar/978-0-08-100574-3
"" target=""_blank"">https://shop.elsevier.com/books/smart-textiles-and-their-applications/koncar/978-0-08-100574-3
</a><p></p><a href=""https://doi.org/10.3390/s140711957
"" target=""_blank"">https://doi.org/10.3390/s140711957
</a>", , , ,Christian Bartkowski," M. Atif Yaqub, Samuel Montero-Hernandez, Nick Ross",Open for review
Source,"Source is an optoelectronic element that delivers light (e.g. a laser or an LED). In fNIRS, it refers to a source of near-infrared light that is used to illuminate a tissue being interrogated. Sources can either require optic fibers to carry the light to source optodes placed on the scalp or can be integrated into optodes, wearable probes or modules placed directly on the scalp. ",Hardware,"detector, source-detector pair, channel, probe, diode","S, Tx, SRC",emitter,"<a href=""https://doi.org/10.1146/annurev-psych-010213-115108"" target=""_blank"">https://doi.org/10.1146/annurev-psych-010213-115108</a><p></p><a href=""https://doi.org/10.1016/S0006-3223(02)01550-0
"" target=""_blank"">https://doi.org/10.1016/S0006-3223(02)01550-0
</a><p></p><a href=""https://doi.org/10.3390/s21186106
"" target=""_blank"">https://doi.org/10.3390/s21186106
</a><p></p><a href=""https://www.intechopen.com/chapters/28786
"" target=""_blank"">https://www.intechopen.com/chapters/28786
</a>", , , ,"Mohinish Shukla, Ola Dopierala, Heidrun Wabnitz, Meryem Ayşe Yücel"," Talukdar Raian Ferdous, Edgar Guevara, Christian Bartkowski, Nick Ross, Franziska Klein, Murat Can Mutlu, Heidrun Wabnitz, Alessandro Torricelli",Complete (agreement from at least 5 team members)  
Source-detector pair,"A set of two optodes (one light source and one detector) which is considered as a single measurement unit (i.e., measurement channel). Although in theory any source can be paired with any detector, most systems/researchers set up a region of interest- and a distance-criteria (how far away from each other are the two optodes located, i.e., source-detector separation) to define source-detector pairs that interrogate the brain. A single optode (either source or detector) can be part of multiple source-detector pairs.",Hardware,"source, detector, array, optode, montage, High Density (Source-detector Array), measurement channel","SD, S-D","SD pair, measurement channel, S-D combination","<a href=""https://doi.org/10.1118/1.1354627"" target=""_blank"">https://doi.org/10.1118/1.1354627</a><p></p><a href=""https://doi.org/10.1038/s41598-018-21716-z
"" target=""_blank"">https://doi.org/10.1038/s41598-018-21716-z
</a>", , , ,Ola Dopierala," Edgar Guevara, Christian Bartkowski, Nick Ross, Heidrun Wabnitz, Samuel Montero-Hernandez",Complete (agreement from at least 5 team members)
Source-detector separation,"Source-detector separation (SDS) refers to the physical distance between each fNIRS source-detector pair of optodes. It determines the signal-to-noise ratio (SNR), the number of measurable photons, depth sensitivity to the change in hemoglobin, the allowed amount of sources/detectors/channels, and the size of covered regions. Depending on the population being studied (e.g., adults vs. infants) and the purpose of the channels (e.g., measuring oxygenated hemoglobin in the brain vs. removing the confounding effects of superficial tissue physiology), the optimal SDS will vary.  In a reflection geometry, larger SDS increases depth sensitivity (i.e., to deep regions further from the surface), at the cost of reduced total detected intensity. ",Hardware,"short-channel separation, source-detector pair",SDS,"Source-detector separation range, Source-detector separation, inter-optode distance","<a href=""https://doi.org/10.1117/1.NPh.2.2.025005"" target=""_blank"">https://doi.org/10.1117/1.NPh.2.2.025005</a><p></p><a href=""https://doi.org/10.1111/cpf.12156
"" target=""_blank"">https://doi.org/10.1111/cpf.12156
</a><p></p><a href=""https://doi.org/10.1117/1.JBO.21.9.091307
"" target=""_blank"">https://doi.org/10.1117/1.JBO.21.9.091307
</a>", The inter-optode distance is the spatial distance between a source and a detector. In circular geometries it is defined as the length of the chord between the optodes., , https://doi.org/10.1007/978-1-4615-3404-4_17,Chia-Chuan Yu," Franziska Klein, Aykut Eken, Christian Bartkowski, Talukdar Raian Ferdous, D Busch, Nick Ross, Edgar Guevara, Alessandro Torricelli, Heidrun Wabnitz",Complete (agreement from at least 5 team members)
Source Optode,"Source or injection optode is a common term which often identifies a part of an fNIRS system that is in contact with the surface of the tissue being measured. A source optode either directly contains the light sources (e.g. for an LED-based system), or can hold the distal end of source fibers (e.g. for a laser-based system) emitting light at two or more wavelengths. This component may also contain a light guide, a lens, and a housing.",Hardware,"Source, Detector, emitter, optode","S, Tx, SRC",Emitter Optode,, , , ,"Heidrun Wabnitz, Meryem Ayşe Yücel"," Edgar Guevara, Christian Bartkowski, Heidrun Wabnitz, Nick Ross, Alessandro Torricelli",Complete (agreement from at least 5 team members)
Time multiplexing,"Time multiplexing is a method of transmitting and receiving two or more independent signals over a common channel path by means of synchronized switches at each end of the transmission line. This way each signal appears on the line only a fraction of time in an alternating pattern. In fNIRS this technique of switching on and off different light sources at fixed intervals avoids the superposition of two sources being detected by a single detector simultaneously. This strategy is commonly employed in fNIRS devices to enable the detector to identify from which emitter the light came from. The temporal resolution of a device is inversely proportional to the number of time multiplexing steps and step width (i.e., the more steps there are, the slower the frequency of acquisition).
",Hardware,Frequency multiplexing,,Time division multiplexing,DOI: 10.1117/1.nph.8.1.012101; DOI: 10.1201/b17289 (section 7.3.1), , , ,"Rickson Mesquita, Anna Exner"," Rickson Mesquita, Anna Exner, Guy Perkins, Stefan Carp, Samuel Montero-Hernandez",Complete (agreement from at least 5 team members)
Transmitter,"In wearable/portable fNIRS systems, a transmitter refers to the communication unit worn by the subject. It may include sensors that record fNIRS data and other physiological data such as heart rate or motion. The recorded data can then be transferred wirelessly to a receiver unit using a variety of communication protocols, such as Bluetooth or Wi-Fi. ",Hardware,Frequency multiplexing,Tx,,"<a href=""https://doi.org/10.1109/EMBC.2013.6609962"" target=""_blank"">https://doi.org/10.1109/EMBC.2013.6609962</a><p></p><a href=""https://doi.org/10.3390/brainsci10020085
"" target=""_blank"">https://doi.org/10.3390/brainsci10020085
</a><p></p><a href=""https://doi.org/10.1002/cta.3047
"" target=""_blank"">https://doi.org/10.1002/cta.3047
</a><p></p><a href=""https://publications.polymtl.ca/1346/1/2014_EhsanKamrani.pdf
"" target=""_blank"">https://publications.polymtl.ca/1346/1/2014_EhsanKamrani.pdf
</a>", , , ,Jörn Martin Horschig," Edgar Guevara, Christian Bartkowski, D Busch, Nick Ross, Samuel Montero-Hernandez",Complete (agreement from at least 5 team members)
Vertical Cavity Surface Emitting Laser,"A Vertical Cavity Surface Emitting Laser (VCSEL) is a light-emitting, laser-based component that provides high wavelength stability with a very stable, short cavity. VCSEL of 3 or 4” wafers have less than a 2 nm standard deviation for cavity wavelength. A VCSEL operates in a single longitudinal mode, which avoids signal distortions due to mode beatings. It has low power consumption, and the circular output beam allows simpler optics than side-emitting lasers. Its temperature sensitivity of wavelengths is ~5 times less sensitive to temperature variations than edge emitters. Over a 20°C change in temperature causes the emission wavelength to vary less than 1,4 nm (edge emitters = ~7 nm).A VCSEL allows highly compact designs; it enables the packaging of multi-wavelength source chips with reduced placing shifts. However, as VCSEL’s typical use field is in data transfer and heating systems, multi-wavelength emitters between 600 and 900 nm are not widely available to the public. 
 
",Hardware,"source, multi-wavelength, emitter, laser ",VCSEL,,"<a href=""https://doi.org/10.1117/12.2209320"" target=""_blank"">https://doi.org/10.1117/12.2209320</a><p></p><a href=""https://doi.org/10.1117/12.2077209
"" target=""_blank"">https://doi.org/10.1117/12.2077209
</a><p></p><a href=""https://doi.org/10.1117/12.2210909
"" target=""_blank"">https://doi.org/10.1117/12.2210909
</a><p></p><a href=""https://doi.org/10.1117/1.3462996
"" target=""_blank"">https://doi.org/10.1117/1.3462996
</a>", , , ,Christian Bartkowski," Franziska Klein, Nick Ross",Open for review
Fast Fourier Transform,The fast Fourier transform (FFT) is a family of algorithms that computes a sequence's Fourier transform (FT) by decomposing a series of values into components with distinct frequencies. The distinctive characteristic of this family of algorithms is their computational efficiency; they reduce the number of computations for $N$ points from  $N^2$ to $NlogN$.,Math,"Fourier transform, Discrete Fourier transform",FFT,,"<p></p><a href=""https://doi.org/10.1109/MSPEC.1967.5217220
"" target=""_blank"">https://doi.org/10.1109/MSPEC.1967.5217220
</a>"," Fast Fourier Transforms (FFT) is a family of efficient algorithms that computes the Fourier Transform (FT) of a sequence of data points. The discrete FT transforms a time-domain signal into its frequency-domain representation, which can be used to analyze and manipulate the signal. (Note, the use of terms time and frequency here are not intended in their physical meaning. Fourier transform can be applied to mathematical sets with no physical semantics.)", , ,Talukdar Raian Ferdous,"Usama A Syed, Felipe Orihuela-Espina, Rickson Mesquita, Guy Perkins",Complete (agreement from at least 5 team members)
Filter order,"In signal processing, filter order refers to the number of poles (or zeros) in the transfer function of a filter. Poles and zeros are locations in the complex plane where the transfer function becomes infinite or zero, respectively. The order of a filter is equal to the number of poles or zeros, whichever is greater.The filter order is an important parameter because it determines the steepness of the filter's cutoff slope and its overall performance. Generally speaking, higher-order filters have steeper cutoff slopes, which means they can more effectively attenuate unwanted frequencies while passing desired frequencies. However, higher-order filters also require more computational resources and can introduce more phase distortion, so there is often a trade-off between filter performance and complexity.
The filter order can be mathematically represented as the highest power of the variable in the transfer function of the filter.
For example, a first-order low-pass filter has a transfer function of the form:
$H(s) = \\frac{1}{s + \\alpha}$


where s is the complex frequency variable and $\\alpha$ is a constant. The filter order in this case is 1, since the highest power of s in the denominator is 1.
Similarly, a second-order high-pass filter has a transfer function of the form:
$H(s) = \\frac{s^2}{s^2 + \\beta s + \\gamma}$
where $\\beta$ and $\\gamma$ are constants. The filter order in this case is 2, since the highest power of s in the denominator is 2.
In general, the filter order can be determined by counting the number of poles (or zeros) in the transfer function, or by finding the highest power of the variable in the transfer function.
",Math,"Filter, FIR FIlter, IIR Filter, Preprocessing",,,"<p></p><a href=""http://www.w3k.org/
"" target=""_blank"">http://www.w3k.org/
</a><p></p>ISBN 10: 0974560715
<p></p><a href=""https://doi.org/10.1504/IJWMC.2018.089991
"" target=""_blank"">https://doi.org/10.1504/IJWMC.2018.089991
</a>", The order of the filter refers to the maximum delay in samples used in generating each output sample. The higher the order the steeper the slope between passband and stopband., , ,Usama A Syed," Franziska Klein, Edgar Guevara, Guy Perkins, Rickson Mesquita",Complete (agreement from at least 5 team members)
FIR filter,"An FIR (finite impulse response) filter is a type of digital filter that is commonly used to process signals in a wide range of applications, including audio processing, image processing, and biomedical signal processing. An FIR filter is characterized by a finite impulse response, which means that the output of the filter is a weighted sum of a finite number of past and present input samples. The impulse response of an FIR filter is typically a finite sequence of coefficients used to compute the output of the filter. The input signal is convolved with the impulse response to produce the output signal.In fNIRS, FIR is used to process and analyze the measured optical density data. FIR filters are often used in fNIRS analysis because they have several desirable properties. One of the main advantages of FIR filters is that they have a linear phase response, which means they do not introduce any phase distortion in the filtered signal. This is important in fNIRS analysis because changes in hemoglobin concentration can be affected by changes in the optical path length, which can introduce phase shifts in the measured signals. The mathematical representation of an FIR filter can be expressed as:
$y[n] = b[0] \\times [n] + b[1] \\times [n-1] + b[2] \\times [n-2] + \\ldots + b[M] \\times [n-M]$
where:
$y[n]$ is the output signal at time $n$
$x[n]$ is the input signal at time $n$
$b[0], b[1], \\ldots, b[M]$ are the filter coefficients
$M$ is the filter order
The coefficients $b[0], b[1], \\ldots, b[M]$ are typically determined by windowing, frequency sampling, and least squares techniques.

",Math,,FIR,," <p></p><a href=""https://doi.org/10.3389/fnins.2019.00737
"" target=""_blank"">https://doi.org/10.3389/fnins.2019.00737
</a><p></p><a href=""https://doi.org/10.3389/fnhum.2018.00505
"" target=""_blank"">https://doi.org/10.3389/fnhum.2018.00505
</a>", , , ,Usama A Syed, Guy Perkins,Complete (agreement from < 5 team members) 
Fourier Transform,"The Fourier transform (FT) decomposes data into its spectral (frequency) components. Originally developed by Jean-Baptiste Fourier in his work of heat diffusion, the Fourier transform extends the Fourier series to yield a new coordinate basis in terms of sinusoidal functions (e.g., cosines) or analogously complex exponentials. There exists a large number of algorithms to estimate the Fourier transform with a variety of assumptions and differences, e.g. in the arranging of the specific frequencies at which the transform is truly calculated. In the current digital era, the family of algorithms known as fast Fourier transform or FFT (e.g. Cooely-Tukey algorithm and others) have become dominant due to their computational efficiency.The use of Fourier transform is pervasive, whether explicit or implicit, across almost every scientific realm and fNIRS is no exception. For instance, FT is at the core of most filter designs.
",Math,Fast Fourier Transform,,,"<p></p><a href=""https://doi.org/10.1109/MSPEC.1967.5217220
"" target=""_blank"">https://doi.org/10.1109/MSPEC.1967.5217220
</a>"," Fast Fourier Transform (FFT) is an efficient algorithm that computes the Discrete Fourier Transform (DFT) of a sequence of data points. The DFT is a mathematical technique used to transform a time-domain signal into its frequency-domain representation, which can be used to analyze and manipulate the signal.", , ,Felipe Orihuela-Espina,"Rickson Mesquita, Guy Perkins",Complete (agreement from < 5 team members)
Frequency domain,"A frequency domain of a signal represents the description of the signal with respect to its frequency content instead of time. The signal is thus described as a sum of (a possibly infinite number of) sinusoidal functions (e.g., sines or cosines) in different frequencies and phases (or, equivalently, with complex exponentials). The actual description is the phase and amplitude of each sine. ",Maths,Frequency domain near infrared spectroscopy,,Frequency resolved instrumentation,"<p></p><a href=""https://doi.org/10.1016/j.neuroimage.2012.03.049
"" target=""_blank"">https://doi.org/10.1016/j.neuroimage.2012.03.049
</a><p></p><a href=""https://doi.org/10.3389/fnins.2020.00300
"" target=""_blank"">https://doi.org/10.3389/fnins.2020.00300
</a>",, ,,OntoNIRS," Anna Exner, Guy Perkins, Rickson Mesquita, Edgar Guevara, Meryem Yucel",Complete (agreement from at least 5 team members) 
IIR Filter," An IIR (Infinite Impulse Response) filter is a type of digital filter that uses feedback to achieve its filtering effect. It is called ""infinite impulse response"" because the filter's impulse response does not decay to zero in a finite amount of time, but rather continues indefinitely.The mathematical representation of an IIR filter can be expressed in terms of its transfer function, which relates the input signal to the output signal. The transfer function of an IIR filter can be represented in the z-domain as:
$ H(z) = \\frac{Y(z)}{X(z)} = \\frac{(b0 + b1 z^{-1} + b2 z^{-2} + \\ldots + bm z^{-m}}{1 + a1 z^{-1} + a2 z^{-2} + \\ldots + an z^{-n}}$
where:
$H(z)$ is the transfer function of the IIR filter
$X(z)$ is the z-transform of the input signal
$Y(z)$ is the z-transform of the output signal
$b0, b1, \\ldots, bm$ are the filter coefficients of the numerator (feedforward) part of the transfer function
$a1, a2, \\ldots, an$ are the filter coefficients of the denominator (feedback) part of the transfer function
$z^{-1}, z^{-2}, \\ldots, z^{-m}, z^{-n}$ are the z-domain delay operators
The coefficients $b0, b1, \\ldots, bm$ and $a1, a2, \\ldots an$, can determine the frequency response and other characteristics of the filter. In general, the order of the filter is equal to the maximum of m and n.
The transfer function of an IIR filter can be converted to the time domain using the inverse z-transform, which gives the filter's impulse response. The impulse response of an IIR filter typically decays slowly and does not reach zero, due to the feedback loop in the filter's design.
In terms of fNIRS analysis, the Butterworth filter is a commonly used type of IIR filter. It is a type of low-pass filter that provides a maximally flat frequency response in the passband, which means that the gain is constant up to a certain cutoff frequency. The Butterworth filter is often used in fNIRS analysis to remove high-frequency noise from the measured signals, which can be caused by factors such as movement artifacts or electrical interference. Furthermore, it may be helpful to learn about the concept of filter design and how to select appropriate filter parameters, such as the cutoff frequency and filter order, based on the characteristics of the input signal and the desired filtering effect. Additionally, it may be useful to learn about the limitations and potential drawbacks of IIR filters, such as the potential for instability and phase distortion.
Additionally, it may be useful to learn about the limitations and potential drawbacks of IIR filters, such as their susceptibility to instability and phase distortion. For instance, a combination of IIR and zero-phase filtering is only suitable for offline analysis, as correcting the nonlinear phase distortion requires access to the entire time series. This allows the data to be processed both forward and backward, effectively eliminating phase distortion.
",Math,,IIR,,"<p></p><a href=""https://doi.org/10.1109/ICEC.1996.542373
"" target=""_blank"">https://doi.org/10.1109/ICEC.1996.542373
</a>", An IIR filter requires past output data values in addition to input data. An IIR filter has a frequency response that includes zeros and poles due to having a feedback mechanism that might allow the filter becomes unstable compared to an FIR filter. The property of infinite impulse response (IIR) applies to many linear time-invariant systems that are distinguished by having an impulse response that does not become exactly zero beyond a given point but instead continues indefinitely., , ,Usama A Syed,"Franziska Klein, Aykut Eken, Guy Perkins",Complete (agreement from < 5 team members)
Kalman filter,"A Kalman filter is a mathematical algorithm used to estimate the state of a dynamic system based on noisy measurements. It is a type of recursive filter that updates its estimates of the state and its uncertainty over time as new measurements are obtained. The Kalman filter is based on a probabilistic model of the system, where the state of the system is represented as a random variable and the measurements are also subject to noise. The filter estimates the state of the system by combining the predicted state based on the system dynamics with the measurement information, using a weighted average that gives more weight to measurements that are more reliable.The mathematical representation of a Kalman filter for fNIRS studies is similar to that of a general Kalman filter, but with specific parameters and state variables that are tailored to the characteristics of the fNIRS signal. The state vector of an fNIRS Kalman filter typically includes the changes in concentration of oxygenated hemoglobin (HbO) and deoxygenated hemoglobin (HbR) in each brain region being measured. The state vector at time k is denoted as
$x(k) = [HbO(k), HbR(k)]^T $
The measurement vector typically includes the measured optical density changes at each wavelength and each source-detector pair, denoted as
$z(k) = [\\Delta OD1(k), \\Delta OD2(k), \\ldots , \\Delta ODn(k)]^T $
where $\\Delta ODi(k)$ represents the change in optical density at the i-th source-detector pair at time k.

",Math,,,,"<p></p><a href=""https://doi.org/10.1134/S2075108711020076
"" target=""_blank"">https://doi.org/10.1134/S2075108711020076
</a><p></p><a href=""https://doi.org/10.1109/IMOC.2009.5427541 
"" target=""_blank"">https://doi.org/10.1109/IMOC.2009.5427541 
</a>", , , ,Usama A Syed," Edgar Guevara, Guy Perkins",Complete (agreement from < 5 team members) 
L1 norm,"The L1 norm is the p=1 norm case of Lebesgue’s Lp spaces. Norms are positive mappings $x \\rightarrow || x || $  from a vector space X over the field of real or complex numbers into the real numbers that abides by the principle of superposition. Norms are often a measure of an object size and hence they are distance functions (from the origin) e.g. metrics. There exist a myriad of norms with Lebesgue’s Lp norms being perhaps the most familiar.The specific case of the L1 norm   is a popular choice as a penalty term in regularization techniques to encourage sparse solutions. In fNIRS analysis, the L1 norm has found many uses; for instance in image reconstruction. It has also been used in sparsity regularization, where the goal is to identify the regions of the brain that are most active during a task. Sparsity regularization involves adding a penalty term to the objective function that is minimized when estimating the changes in hemoglobin concentration. The penalty term encourages the solution to have many zero or near-zero coefficients, which indicates that only a few regions of the brain are active during the task. 

",Math,,L1 Norm  (or $$||v||_1 $$, ,"<p></p><a href=""https://encyclopediaofmath.org/wiki/Norm
"" target=""_blank"">https://encyclopediaofmath.org/wiki/Norm
</a><p></p>W. Rudin, ""Functional analysis"" , McGraw-Hill (1979)
<p></p><a href=""https://doi.org/10.1007/978-3-662-09000-8
"" target=""_blank"">https://doi.org/10.1007/978-3-662-09000-8
</a>",,,,Usama A Syed," Talukdar Raian Ferdous, Felipe Orihuela-Espina",Complete (agreement from < 5 team members)      
Moore-Penrose Pseudoinverse,"Moore-Penrose Pseudoinverse, or simply the Moore-Penrose inverse, is a mathematical operation that produces an inverse of a matrix that may not have a conventional inverse. For a square matrix A, the inverse $A^{-1}$ exists if and only if the determinant of A is non-zero. However, many matrices encountered in practice are not invertible. The pseudoinverse is a generalization of the inverse that can be used for any matrix, regardless of its invertibility (not a square or a full rank matrix).In image reconstruction, to recover the optical properties of the voxels, the computation of the Moore-Penrose Pseudoinverse $A^+$ is required.Since fNIRS measurements contain different types of noise, $A^+$ is formulated including Tikhonov regularization to aid in smoothing the noise, as follows: $A^{+} = A^{T} {(A A^{T} + \\alpha \\mathbf{I})}^{-1}$, $$$A^+ = A^T (AA^T + \\alpha \\mathbb{1})^{-1}
  $ where $\\alpha$ is the regularization parameter and $\\mathbb{1}$ is the iden$ty matrix.

It should be noted that Moore-Penrose's is not the only pseudo inverse.
",Math,Image reconstruction,$$A^+$$, ,"<p></p><a href=""https://doi.org/10.1017/S0305004100030401
"" target=""_blank"">https://doi.org/10.1017/S0305004100030401
</a><p></p><a href=""https://doi.org/10.1063/5.0015512
"" target=""_blank"">https://doi.org/10.1063/5.0015512
</a><p></p><a href=""https://doi.org/10.1117%2F1.JBO.26.5.056001
"" target=""_blank"">https://doi.org/10.1117%2F1.JBO.26.5.056001
</a>", , , ,Edgar Guevara," Usama A Syed, Talukdar Raian Ferdous, Guy Perkins, Felipe Orihuela-Espina",Complete (agreement from at least 5 team members)
Norm,Norms are positive mappings $x \\rightarrow || x || $  from a vector space X over the field of real or complex numbers into the real numbers that abides by the principle of superposition. Norms are often a measure of an object size and hence they are distance functions (from the origin) e.g. metrics. There exist a myriad of norms with Lebesgue’s Lp norms being perhaps the most familiar.,Maths	,L1 Norm,, ,"<p></p><a href=""https://encyclopediaofmath.org/wiki/Norm
"" target=""_blank"">https://encyclopediaofmath.org/wiki/Norm
</a><p></p>W. Rudin, ""Functional analysis"" , McGraw-Hill (1979)
<p></p><a href=""https://doi.org/10.1007/978-3-662-09000-8
"" target=""_blank"">https://doi.org/10.1007/978-3-662-09000-8
</a>",,,,"Usama A Syed, Guy Perkins",Guy Perkins,Complete (agreement from < 5 team members)
Regularization,"A range of algebraic operations that introduce a small perturbation on a tensor in order to alter its determinant. Consequently, regularization changes the condition number of a matrix. The range of applications of regularization is vast e.g. perhaps for enabling or stabilizing matrix inversion, for altering the prominence of some dimensions of the tensor over others, for increasing derivability e.g. smoothing, etc. By and large, the most popular regularization approach is Tikhonov’s which attacks the main diagonal isotropically and only has 1 parameter, but certainly many other regularization approaches exist with different purposes.  A popular use in fNIRS is to improve the stability and accuracy of the reconstruction algorithm by introducing additional constraints. It is often used in solving the ill-posed inverse problem in image reconstruction when the data being used for reconstruction is noisy and can help to reduce the effects of these sources of error on the final reconstructed image.  Another form of regularization that has been used in fNIRS analysis is sparsity regularization, which adds a penalty term proportional to the L1 norm of the changes in hemoglobin concentration. This penalty term encourages the solution to be sparse, meaning that it has many zero or near-zero coefficients, which can help identify the brain regions that are most active.",Math,Moore-Penrose Pseudoinverse,,,"<p></p><a href=""https://doi.org/10.1063/5.0015512
"" target=""_blank"">https://doi.org/10.1063/5.0015512
</a><p></p><a href=""https://doi.org/10.1117%2F1.JBO.26.5.056001
"" target=""_blank"">https://doi.org/10.1117%2F1.JBO.26.5.056001
</a>", , , ,Edgar Guevara," Usama A Syed, Talukdar Raian Ferdous, Guy Perkins, Felipe Orihuela-Espina",Complete (agreement from at least 5 team members)
Stratonovich–Kalman–Bucy filter,"The Stratonovich-Kalman-Bucy filter (SKB filter) is a variant of the Kalman filter that is used for estimating the state of a dynamic system in the presence of both process and measurement noise. The SKB filter extends the Kalman filter to systems with nonlinear dynamics by incorporating the concepts of the Stratonovich calculus. The Stratonovich calculus provides a way to handle stochastic differential equations with multiplicative noise, where the noise term is multiplied by the derivative of the state variables.",Math,Kalman Filter,SKB Filter, ,"<p></p><a href=""http://dx.doi.org/10.2139/ssrn.2594333
"" target=""_blank"">http://dx.doi.org/10.2139/ssrn.2594333
</a>",,, ,Usama A Syed,Guy Perkins,Complete (agreement from < 5 team members)
Wavelet filter,"A wavelet is a waveform of limited duration that has an average value of zero. Some wavelets are defined by a mathematical expression and are drawn as continuous and infinite, called crude wavelets. Before combining with a digital signal, the crude wavelets should be first converted to wavelet filters having a finite number of discrete points. In other words, we evaluate the crude wavelet equation at the desired points in time (usually equispaced) to create the filter values at those times.",Maths,,,,"<p></p><a href=""https://doi.org/10.5860/choice.47-0918
"" target=""_blank"">https://doi.org/10.5860/choice.47-0918
</a>", Wavelets are brief wave-like oscillations that are localized. A wavelet filter is a signal processing technique that enables the exclusion of short-time duration patterns captured by the used wavelet. The patterns to be filtered out depend on the wavelet family used and the number of levels of decomposition., ,,Haiyan Kong," Edgar Guevara, Usama A Syed, Guy Perkins",Complete (agreement from < 5 team members)
Anatomical Directions,"Anatomical directions are the terms that are used to define the location of a region in the body (or brain), usually in relation to another structure. These terms are;Anterior: Front of something
Posterior: Back of something
Medial: Something close to the midline
Mesial: located on the Side of the Brain where the two Hemispheres face each other
Lateral: Something located in one of the sides (right or left) 
Contralateral: Located in the opposite site of a structure
Ipsilateral: Located in the same side of a structure
Bilateral: Located in both sides of a structure 
Superior: Above or upper part of something
Inferior: Below or lower part of something
Rostral: towards the front (mouth/nose; anterior)
Caudal: towards the back (tail; posterior)
Dorsal: towards the top of the head (like the dorsal fin of a shark; superior; to the back e.g. in the spinal chord)
Ventral: towards the bottom of the brain (inferior; or to the stomach e.g. ventral columns of the spinal chord) 
",Neuroscience ,"Nervous system, Anatomy",,,"<a href=""https://doi.org/10.1002/ca.22677"" target=""_blank"">https://doi.org/10.1002/ca.22677</a>",(if applicable) ,(if applicable) ,(if applicable) ,Aykut Eken,"Antonia Hamilton, Abi Fiske, Sara Sanchez-Alonso, Ann-Christine Ehlis, Judit Gervain",Complete (agreement from at least 5 team members)
Anemia,"Anemia is a haematological disorder that results in reduced capacity to carry oxygen in red blood cells due to a lack in hemoglobin, a lesser amount of hemoglobin per red blood cell  or is caused by an overall lack/ dysfunction of red blood cells. Anemia can have different causes and is associated with a range of medical diseases and conditions. A common cause for anemia is a reduced capacity to synthesize sufficient hemoglobin as the oxygen carrying protein, e.g. resulting from a lack of iron, vitamins or malnutrition, or a substantial loss of blood due to major injury. ",Neuroscience,,,,"<p></p><a href=""https://doi.org/10.1016/S2214-109X(22)00084-5
"" target=""_blank"">https://doi.org/10.1016/S2214-109X(22)00084-5
</a><p></p><a href=""https://doi.org/10.1016/j.tmrv.2020.07.003
"" target=""_blank"">https://doi.org/10.1016/j.tmrv.2020.07.003
</a>","(if applicable) Anemia is a condition in which normal hemoglobin content in the blood is reduced, resulting in insufficient oxygen supply to the body. This is mainly caused by iron deficiency and blood loss. ",(if applicable) ,(if applicable) ,David Mehler,"Michael Lührs, Meryem Ayşe Yücel, Marco Ferrari, Yoko Hoshi, Judit Gervain",Complete (agreement from at least 5 team members)
Blood flow,"Blood flow ($BF$) refers to the amount of blood that flows through vessels (e.g. arteries, capillaries, veins). It is a rate measured in ml/100g/min. Blood flow is determined by the difference between mean arterial ($MAP$) and central venous pressure ($CVP$) and depends on the total peripheral resistance ($TPR$): 
$BF = \\frac{MAP - CVP}{TPR}
Blood flow can be increased by increasing the volume (increase in vessel diameter) and/or the velocity.  Blood flow can also be regulated peripherally by altering the arterial resistance. Blood flow thus depends on the particular vessel where it is measured (e.g. it is larger in arteries compared to capillaries, or veins).  
",Neuroscience,"Blood volume, Blood pressure, Metabolism, Scalp blood flow, hemodynamic response, Blood supply, Perfusion",Q,,"P. Morris, D. Warriner, and A. Morton. Eureka: Cardiovascular Medicine. Eureka (London, England). JP Medical, 2015.<p></p><a href=""https://doi.org/10.3389/fphys.2021.747759 
"" target=""_blank"">https://doi.org/10.3389/fphys.2021.747759 
</a>", , , ,"OntoNIRS, Valentina Quaresima"," Ali Rahimpour Jounghani, David Mehler, Jason DeFreitas, Heidrun Wabnitz, Kim Meidenbauer, Rob J MacLennan, Divya Jain, Margaret Chojak, Judit Gervain",Complete (agreement from at least 5 team members)
Blood oxygenation,Blood oxygenation refers to the total content of oxygen in a given volume of blood.,Neuroscience,"Oxygen Deficiency, Hypoxia, Hyperoxia ",,(Blood) n,, Amount of oxygen present in arterial or venous blood; while the measure of oxygen present in the vascular  tissue or microvascular bed is referred to as tissue oxygenation. , ,,Jason DeFreitas," Renato Orti, Ali Rahimpour Jounghani, Heidrun Wabnitz, Jason DeFreitas, Valentina, Quaresima, Meryem Ayşe Yücel, Judit Gervain",Complete (agreement from at least 5 team members)
Blood oxygenation level dependent (BOLD) contrast,Bold oxygenation level dependent contrast refers to intravascular and extravascular relaxation time $T_2$ (magnetic field inhomogeneity) and relaxation time $T_2$  contrast changes that result from variations in the deoxyhemoglobin concentration of blood. The blood oxygenation level dependent contrast mechanism ($T_2$) is widely used for functional MRI because changes in neuronal activity level normally result in changes in oxyhemoglobin and deoxyhemoglobin concentration. Functional MRI is able to capture the changes only in deoxyhemoglobin concentration due to it being a paramagnetic material in blood. There is also a (substantially smaller) effect of overall blood volume in a voxel.,Neuroscience,"Hemodynamic response function, (functional) magnetic resonance imaging",BOLD,Blood Oxygen Level Dependent Response (BOLD Response),"<p></p><a href=""​​https://doi.org/10.1073%2Fpnas.87.24.9868b 
"" target=""_blank"">​​https://doi.org/10.1073%2Fpnas.87.24.9868b 
</a>", , , ,OntoNIRS," Kim Meidenbauer, David Mehler, Aykut Eken, Chiara Bulgarelli, Rob J MacLennan, Margaret Chojak, Judit Gervain",Complete (agreement from at least 5 team members) 
Blood oxygen saturation,"Blood oxygen saturation is the concentration of oxygen-bound hemoglobin relative to the total concentration of hemoglobin in the blood, usually measured as a percentage. Normal arterial blood oxygen saturation is approx. between 95%-100%.",Neuroscience,"Oxygen Deficiency, Hypoxia, Hyperoxia ",,(Blood) Oxygen Saturation,,The percentage of hemoglobin binding to oxygen in the blood. , ,https://doi.org/10.1016/B978-0-12-801238-3.10886-4 ,Jason DeFreitas," Renato Orti, Ali Rahimpour Jounghani, Heidrun Wabnitz, Jason DeFreitas, Meryem Ayşe Yücel, Valentina Quaresima, Yoko Hoshi, Judit Gervain",Complete (agreement from at least 5 team members)
Blood pressure,"Blood pressure is the force exerted by the blood against the inner walls of the blood vessels. It is determined by the blood volume ejected by the heart into the arteries, the elasticity of the walls of the arteries, and the rate at which the blood flows out of the arteries. It is greatest in the arteries and decreases as blood flows through the capillaries. Systolic pressure is the maximum blood pressure during contraction of the ventricles; diastolic pressure is the minimum pressure recorded just prior to the next contraction.",Neuroscience,"Systolic and diastolic pressure, Mayer waves ",BP,,"<a href=""https://doi.org/10.1186/s13054-018-2171-1 "" target=""_blank"">https://doi.org/10.1186/s13054-018-2171-1 </a>", , , ,"OntoNIRS, Valentina Quaresima"," Kim Meidenbauer, Ali Rahimpour Jounghani, Ishara Paranawithana, Rob J MacLennan, Meryem Ayşe Yücel, Judit Gervain",Complete (agreement from at least 5 team members)
Blood volume pulse,"The blood volume pulse is the change in volume of blood over a given period of time. Also described as the pulsatile component of the blood pressure, i.e. the wave between systolic and diastolic blood-pressure. For fNIRS signals it should be apparent in the frequency range of the heart rate consisting of the blood volume pulse (BVP), i.e. a signal change with a specific shape. The BVP is mainly caused by the vascular blood volume increase during systole. The shape of the BVP depends on several factors, including the vascular blood volume content, the vascular compliance and resistance. ",Neuroscience,"Heart Rate Variability (HRV), blood flow",BVP,,"<a href=""https://doi.org/10.1186/s13054-018-2171-1 "" target=""_blank"">https://doi.org/10.1186/s13054-018-2171-1 </a>", , , ,Felix Scholkmann,"Ali Rahimpour Jounghani, Rob J MacLennan, Judit Gervain, Louisa Gossé,  Meryem Ayşe Yücel",Complete (agreement from at least 5 team members)
Brain Computer Interface,"A brain computer interface (BCI) describes a direct communication pathway between the brain activity and an external device, for instance, a computer, a robot or a prosthesis. It is a neurotechnological input system that conveys machine control independent of speech and movement. Since BCIs work completely without muscle activation, BCIs open up new operating options from which physically handicapped people, among others, can benefit.A communication system comprising hardware and software that allows humans to interact with their environment without using peripheral nerves or muscles. It is a closed loop system that  basically includes neural signal pre-processing, feature extraction, machine learning based classification and external control steps.
",Neuroscience,"Biofeedback, Neurofeedback, Neuromodulation, Brain Machine Interface (BMI), Brain Computer Communication (BCC), Brain Computer Link (BCL)",BCI,,"<a href=""https://doi.org/10.3390/bios11100389"" target=""_blank"">https://doi.org/10.3390/bios11100389</a><p></p><a href=""https://doi.org/10.3389%2Ffnhum.2015.00003 
"" target=""_blank"">https://doi.org/10.3389%2Ffnhum.2015.00003 
</a><p></p><a href=""https://doi.org/10.1080/2326263X.2021.1969789 
"" target=""_blank"">https://doi.org/10.1080/2326263X.2021.1969789 
</a><p></p><a href=""https://doi.org/10.3390/s120201211 
"" target=""_blank"">https://doi.org/10.3390/s120201211 
</a><p></p><a href=""https://doi.org/10.1016/j.mayocp.2011.12.008 
"" target=""_blank"">https://doi.org/10.1016/j.mayocp.2011.12.008 
</a>", BCIs are a subset of brain machine interfaces (BMI). A BMI is a communication system in which messages or commands from the brain are conveyed to the external world, , ,Franziska Klein ," Kim Meidenbauer, Beatrix Barth, Margaret Chojak, Ali Rahimpour Jounghani, Talukdar Raian Ferdous, Jason DeFreitas, Rob J MacLennan, Divya Jain, Aykut Eken,Judit Gervain, Ann-Christine Ehlis",Complete (agreement from at least 5 team members)
Cerebral autoregulation,"The process by which a largely constant blood flow in the brain is maintained irrespective of posture and systemic blood pressure. It includes mechanisms related to muscular, neural or metabolic activity, which influence small arteries and arteriole diameter.. These mechanisms allow the brain to receive a steady supply of arterial blood, which transports oxygen, nutrients and other substances (e.g. hormones) that are necessary for physiological brain function.",Neuroscience,"Neurovascular coupling, CO2 reactivity, Mayer waves",CA,,"<a href=""https://doi.org/10.3390/bios11100389"" target=""_blank"">https://doi.org/10.3390/bios11100389</a><p></p><a href=""https://doi.org/10.3389%2Ffnhum.2015.00003 
"" target=""_blank"">https://doi.org/10.3389%2Ffnhum.2015.00003 
</a><p></p><a href=""https://doi.org/10.1080/2326263X.2021.1969789 
"" target=""_blank"">https://doi.org/10.1080/2326263X.2021.1969789 
</a><p></p><a href=""https://doi.org/10.3390/s120201211 
"" target=""_blank"">https://doi.org/10.3390/s120201211 
</a><p></p><a href=""https://doi.org/10.1016/j.mayocp.2011.12.008 
"" target=""_blank"">https://doi.org/10.1016/j.mayocp.2011.12.008 
</a>", , , ,Divya Jain," Renato Orti, Talukdar Raian Ferdous, Ishara Paranawithana, David Mehler, Rob J MacLennan, Judit Gervain",Complete (agreement from at least 5 team members)
Cerebral blood flow,"Cerebral blood flow ($CBF$) is the amount of blood that passes through a local area of the brain in a given time. It is usually measured in milliliters of blood/100 grams of the brain tissue/minute. It can be altered by altering the blood volume and/or the blood flow velocity.  There is a relationship between cerebral blood volume and cerebral blood flow:
	$CBF = (\\frac{CBV}{0.80})^{\\frac{1}{0.38}}
 
",Neuroscience,"Blood flow, Diffuse Correlation Spectroscopy (DCS)",CBF,,"<a href=""https://doi.org/10.1152/physrev.00022.2020 "" target=""_blank"">https://doi.org/10.1152/physrev.00022.2020 </a><p></p><a href=""https://doi.org/10.1161/01.str.5.5.630 
"" target=""_blank"">https://doi.org/10.1161/01.str.5.5.630 
</a><p></p><a href=""https://doi.org/10.1117/1.NPh.3.3.031411 
"" target=""_blank"">https://doi.org/10.1117/1.NPh.3.3.031411 
</a>", , , ,OntoNIRS," Renato Orti, Ali Rahimpour Jounghani, Rob J MacLennan, Hadi Hosseini, Margaret Chojak, Judit Gervain",Complete (agreement from at least 5 team members)
Cerebral blood volume,"Cerebral blood volume is the total amount of blood in the brain. It is usually expressed in $ \\frac{ml}{100gr} $ of tissue. The total hemoglobin ($HbT$) is related to cerebral blood volume by cerebral haematocrit by: $ CBV\\left[ \\frac{10^{-3}l}{100gr} \\right] = \\frac{10^{-5}M}{\\rho \\ast H \\ast R} HbT \\left[ \\frac{10^{-3}l}{100gr} \\right]$
Where:
$\\rho$ is the brain density.
$M$ is the molecular weight of the hemoglobin.
$H$ is the large vessel hemodynamic concentration.
$R$ is the cerebral to large vessels hematocrit ratio.
If the hematocrit is considered to remain constant during hemodynamic response to activation, then $HbT$ is proportional to cerebral blood volume. 
CBV is a critical physiological indicator of tissue viability and vascular reactivity as CBV changes are directly linked to the regulation of cerebral blood flow under pathophysiological conditions
",Neuroscience,,CBV,,"<p></p><a href=""https://doi.org/10.1016/j.neuroimage.2004.07.013
"" target=""_blank"">https://doi.org/10.1016/j.neuroimage.2004.07.013
</a><p></p><a href=""https://doi.org/10.1161/01.str.5.5.630 
"" target=""_blank"">https://doi.org/10.1161/01.str.5.5.630 
</a><p></p><a href=""https://doi.org/10.1152/jappl.1990.68.3.1086 
"" target=""_blank"">https://doi.org/10.1152/jappl.1990.68.3.1086 
</a>", , , ,OntoNIRS,"Franziska Klein, Rob J MacLennan, Hadi Hosseini, Margaret Chojak, Valentina Quaresima, Judit Gervain",Complete (agreement from at least 5 team members)
Cerebral cortex,"The outer layer of the brain, composed of neurons and glia organized into vertically superimposed cortical layers, as well as cortical regions and lobes (frontal, temporal, parietal, occipital) defined over the surface. The largest part of the cortex is the ‘isocortex’, with 6 layers, while the allocortex (e.g., the hippocampal gyrus) has only 3 layers.  The mature adult cerebral cortex is strongly folded, resulting in sulci (grooves) and gyri (ridges), which often serve as reference points to define cortical regions and demarcate the four  lobes. One of the most widely used mapping of the human cerebral cortex is according to the Brodmann’s Areas based on surface anatomy as well as cytoarchitectonics.",Neuroscience,"Neocortex, Cortex, Cerebrum, Gray matter",,,"<a href=""National Cancer Institute. National Cancer Institute Thesaurus, 2017. Documentation page available on http://nciterms.nci.nih.gov."" target=""_blank"">National Cancer Institute. National Cancer Institute Thesaurus, 2017. Documentation page available on http://nciterms.nci.nih.gov.</a>", , , ,OntoNIRS," Kim Meidenbauer, Renato Orti, Murat Can Mutlu, Chiara Bulgarelli, Ishara Paranawithana, David Mehler, Lauren Emberson, Jason DeFreitas, Rob J MacLennan, Ann-Christine Ehlis, Judit Gervain, Simone Cutini",Complete (agreement from at least 5 team members) 
Cerebral metabolic rate of oxygen,"Cerebral metabolic rate of oxygen is the oxygen consumption of the brain determined by the difference of oxygen flowing into and out of a certain brain region. Together with the cerebral blood flow, it determines the level of blood oxygenation. There is a way to estimate cerebral metabolic rate of oxygen from cerebral blood flow, deoxygenated hemoglobin and oxygenated hemoglobin. If the arterial oxygen saturation is assumed to be 1, then the relative change in cerebral metabolic rate of oxygen is given by : 
$\\left( 1 + \\frac{\\Delta CMRO_{2}}{CMRO_{2,0}}\\right) = \\frac{\\left(1 + \\frac{\\Delta CBF}{CBF_{0}}\\right)\\left(1 + \\gamma R\\frac{\\Delta HHb}{HHb_{0}}\\right)}{\\left(1 + \\gamma T\\frac{\\Delta HbT}{HbT_{0}}\\right)}$
 
 
where the sub index 0 represent baseline values and $\\Delta( . . . )$ simply represent the variation of the respective parameter. Finally, $\\gamma R$ and $\\gamma T$ represent the correspondent factors which relate the fractional hemoglobin changes in the venous compartment to those across all vascular components. The parameters $\\gamma R$ and $\\gamma T$ can be calculated as:
 
$\\gamma R = \\frac{\\left(\\frac{\\Delta HHb_{v}}{HHb_{v,0}}\\right)}{\\left(\\frac{\\Delta HHb}{HHb_{0}}\\right)}$
 
$\\gamma T = \\frac{\\left(\\frac{\\Delta HbT_{v}}{HbT_{v,0}}\\right)}{\\left(\\frac{\\Delta HbT}{HbT_{0}}\\right)}$
 
where:
$\\Delta HHb_{v}$  is the variation of deoxygenated hemoglobin concentration in the localized venous compartment.
$ HHb_{v,0} $ is the baseline deoxygenated hemoglobin concentration in the localized venous compartment.
$ \\Delta HbT_{v} $  is the variation of total hemoglobin concentration in the localized venous compartment.
$ HbT_{v,0} $ is the baseline total hemoglobin concentration in the localized venous compartment.
",Neuroscience,,CMRO2,,"<a href=""https://doi.org/10.1088/0031-9155/48/15/311 "" target=""_blank"">https://doi.org/10.1088/0031-9155/48/15/311 </a><p></p><a href=""https://doi.org/10.1016/j.neuroimage.2012.01.040 
"" target=""_blank"">https://doi.org/10.1016/j.neuroimage.2012.01.040 
</a><p></p><a href=""https://doi.org/10.1016/j.neuroimage.2004.07.013 
"" target=""_blank"">https://doi.org/10.1016/j.neuroimage.2004.07.013 
</a><p></p><a href=""https://doi.org/10.1016/j.neuroimage.2023.120189 
"" target=""_blank"">https://doi.org/10.1016/j.neuroimage.2023.120189 
</a>", , , ,OntoNIRS," Renato Orti, Rob J MacLennan, Hadi Hosseini, Judit Gervain, Louisa Gossé",Complete (agreement from at least 5 team members)
Cerebral Tissue Oxygenation Saturation,"Cerebral tissue oxygenation saturation (SctO2) is a measurement of the level of oxygen saturation in the cerebral tissue of the brain. It is typically expressed as a percentage and can be obtained by some approaches with near-infrared spectroscopy (NIRS) technology. SctO2 reflects the proportion of hemoglobin molecules in the cortical  blood vessels that are bound to oxygen, and it provides valuable information about the oxygen supply to the brain. Monitoring SctO2 is important in various clinical settings, including critical care, surgery, and neonatology, as changes in SctO2 can indicate conditions such as cerebral hypoxia, ischemia, and reperfusion injury, which require prompt clinical interventions to improve brain perfusion and oxygenation.",Neuroscience,,"SrO2, SctO2, rSO2, TOI, TSI, ScO2",,"<a href=""https://doi.org/10.1088/0031-9155/48/15/311 "" target=""_blank"">https://doi.org/10.1088/0031-9155/48/15/311 </a><p></p><a href=""https://doi.org/10.1016/j.neuroimage.2012.01.040 
"" target=""_blank"">https://doi.org/10.1016/j.neuroimage.2012.01.040 
</a><p></p><a href=""https://doi.org/10.1016/j.neuroimage.2004.07.013 
"" target=""_blank"">https://doi.org/10.1016/j.neuroimage.2004.07.013 
</a><p></p><a href=""https://doi.org/10.1016/j.neuroimage.2023.120189 
"" target=""_blank"">https://doi.org/10.1016/j.neuroimage.2023.120189 
</a>", , , ,Hadi Hosseini,"Ali Rahimpour Jounghani, Margaret Chojak, Meryem Ayşe Yücel, Yoko Hoshi, Judit Gervain",Complete (agreement from at least 5 team members)
Cerebrovascular reactivity,"Cerebrovascular reactivity (CVR) is the ability of blood vessels to change their diameter to adjust tissue blood supply based on tissue demand. One important modulator is partial CO$_2$ pressure in the blood. CVR is a crucial regulatory component of the neurovascular coupling system, ensuring sufficient blood supply and oxygenation to the brain. It is often assessed using CO$_2$ challenges (e.g. increase in partial CO$_2$  pressure through forced CO$_2$  inspiration). CVR can be investigated by measuring the change in cerebral blood flow (CBF) or cerebral blood volume (CBV). CVR is a useful index for the assessment of vascular health in several pathologies, including stroke and neurodegenerative disorders such as Alzheimer's and Parkinson's diseases. ",Neuroscience,"Cerebral blood flow, Cerebral blood volume",CVR,,"<a href="" https://doi.org/10.3389/fphys.2021.643468/full "" target=""_blank""> https://doi.org/10.3389/fphys.2021.643468/full </a>", , , ,David Mehler," Beatrix Barth, Renato Orti, Rob J MacLennan, Divya Jain, Hadi Hosseini, Judit Gervain, Simone Cutini",Complete (agreement from at least 5 team members) 
Chromophore,"A chromophore is a molecule that absorbs light within a specific wavelength range, spanning from ultraviolet to infrared light. Within the near-infrared spectrum, the primary chromophores in biological tissues include water, hemoglobin, lipids, and cytochrome oxidase. Notably, light achieves its deepest penetration into tissue at wavelengths approximately between 700 and 900 nm. Functional Near-Infrared Spectroscopy (fNIRS) employs multiple wavelengths in order to sensitively distinguish between changes in the concentrations of oxyhemoglobin and deoxyhemoglobin, providing valuable insights into tissue oxygenation and, by extension, neural activity.",Neuroscience," hemoglobin, cytochrome, wavelength",,,"<a href=""https://doi.org/10.1176/jnp.2010.22.4.iv"" target=""_blank"">https://doi.org/10.1176/jnp.2010.22.4.iv</a><p></p><a href=""https://doi.org/10.1117/1.nph.9.4.040601
"" target=""_blank"">https://doi.org/10.1117/1.nph.9.4.040601
</a><p></p><a href=""https://doi.org/10.1364/boe.6.000933 
"" target=""_blank"">https://doi.org/10.1364/boe.6.000933 
</a><p></p><a href=""https://doi.org/10.5772/32493
"" target=""_blank"">https://doi.org/10.5772/32493
</a>", , , ,Sara Sanchez-Alonso," Meryem Ayşe Yücel,Yoko Hoshi, Ann-Christine Ehlis, Judit Gervain, Katharina Stute, Guy Perkins",Complete (agreement from at least 5 team members)
Connectivity," Connectivity refers to the connections between brain regions that are spatially distributed but anatomically or functionally connected subserving information processing. There are three related forms of connectivity: (i) anatomical connectivity, (ii) functional connectivity and (iii) effective connectivity. Anatomical connectivity (AC) refers to the structural connections between brain regions (i.e., connectome). Functional connectivity (FC) refers to brain regions with a temporal dependency activation pattern (evaluated via statistical analysis). Effective connectivity (EC) refers to the causal role of a brain region activation over another one.",Neuroscience,"anatomical connectivity, functional connectivity, effective connectivity",,,"<p></p><a href=""https://doi.org/10.1155/2012/412512 
"" target=""_blank"">https://doi.org/10.1155/2012/412512 
</a>",(if applicable) ,(if applicable) ,(if applicable) ,Renato Orti,"Renato Orti, Hadi Hosseini, Margaret Chojak, Judit Gervain, Louisa Gossé, Meryem Ayşe Yücel, Ann-Christine Ehlis",Complete (agreement from at least 5 team members)
Cortex,"Cortex refers to the outermost, superficial layer of some organs (e.g. the brain but also the kidney). The brain’s cortex is referred to as cerebral cortex, and it is often the target of fNIRS investigations. The cortex of the cerebellum is referred to as cerebellar cortex.",Neuroscience,"Cerebral Cortex, Cerebellar Cortex",,"cortical surface, gray matter","<a href="" M.F. Bear, B.W. Connors, and M.A. Paradiso. Neuroscience: Exploring the brain. Neuroscience: Exploring the Brain. Lippincott Williams & Wilkins, 2007.https://psycnet.apa.org/record/2007-18995-000 "" target=""_blank""> M.F. Bear, B.W. Connors, and M.A. Paradiso. Neuroscience: Exploring the brain. Neuroscience: Exploring the Brain. Lippincott Williams & Wilkins, 2007.https://psycnet.apa.org/record/2007-18995-000 </a>", , , ,OntoNIRS," Kim Meidenbauer, Chiara Bulgarelli, David Mehler, Lauren Emberson, Judit Gervain, SImone Cutini",Complete (agreement from at least 5 team members)
Cortical (cerebral) oxygen saturation,"Cortical oxygen saturation is the regional cortical hemoglobin saturation, measured by cerebral tissue oximeters based on near infrared spectroscopy methods, in the small vessels (<1 mm in diameter) of the cerebral cortex such as the capillary, arteriolar and venular bed.  ",Neuroscience, Regional cerebral tissue hemoglobin oxygen saturation. Regional cerebral (oxygen) saturation. Brain oxygen saturation. Cerebral oxygenation  ,ScO2,"StO2, rSO2, SctO2, or rStO2","<a href=""https://doi.org/10.1053/j.jvca.2021.07.015 "" target=""_blank"">https://doi.org/10.1053/j.jvca.2021.07.015 </a>", , , ,Valentina Quaresima," Heidrun Wabnitz, Hadi Hosseini,Yoko Hoshi, Judit Gervain",Complete (agreement from at least 5 team members)
Cytochrome-c-Oxidase,Cytochrome-c-Oxidase is an enzyme complex that plays a central role in the mitochondrial electron transport cascade leading to adenosine triphosphate (ATP) synthesis by oxidative phosphorylation. Its activity depends on energy demands. Cytochrome-c-Oxidase redox state can be measured with broadband NIRS. ,Neuroscience,bNIRS,oxCCO,"aa3, CuA, CytC","<a href=""National Cancer Institute. National Cancer Institute Thesaurus, 2017. Documentation page available on http://nciterms.nci.nih.gov. "" target=""_blank"">National Cancer Institute. National Cancer Institute Thesaurus, 2017. Documentation page available on http://nciterms.nci.nih.gov. </a><p></p><a href=""https://doi.org/10.1007%2F978-3-319-55231-6_19
"" target=""_blank"">https://doi.org/10.1007%2F978-3-319-55231-6_19
</a><p></p><a href=""https://doi.org/10.1098/rstb.1997.0048 
"" target=""_blank"">https://doi.org/10.1098/rstb.1997.0048 
</a>", Check doi: 10.1098/rstb.1997.0048  for complete alternative definition. , , ,OntoNIRS," David Mehler, Paola Pinti, Ilias Tachtsidis, Meryem Ayşe Yücel, Judit Gervain",Complete (agreement from at least 5 team members)
Deoxygenated Hemoglobin,"Deoxygenated hemoglobin is a form of the hemoglobin molecule that has released its bound oxygen molecule(s) and is therefore carrying no oxygen. Hemoglobin is the protein in red blood cells that carries oxygen to the body's tissues. When oxygen binds to hemoglobin, it changes the conformation of the protein, making it more compact and changing its color from blue to red, which is why oxygenated blood appears bright red. Conversely, when the oxygen molecules detach from hemoglobin, the protein's conformation changes back to its original state, making it more open and revealing a bluish-purple hue, which is why deoxygenated blood appears dark red. Measuring the amount of deoxygenated hemoglobin in the blood can provide information about oxygen delivery and utilization in different organs and tissues, which can be useful in various clinical and experimental settings.",Neuroscience,"Oxygenated Hemoglobin, Total Hemoglobin","HbR, deoxy-HB, HHb",,"<a href=""National Cancer Institute. National Cancer Institute Thesaurus, 2017. Documentation page available on http://nciterms.nci.nih.gov. "" target=""_blank"">National Cancer Institute. National Cancer Institute Thesaurus, 2017. Documentation page available on http://nciterms.nci.nih.gov. </a><p></p><a href=""https://doi.org/10.1007%2F978-3-319-55231-6_19
"" target=""_blank"">https://doi.org/10.1007%2F978-3-319-55231-6_19
</a><p></p><a href=""https://doi.org/10.1098/rstb.1997.0048 
"" target=""_blank"">https://doi.org/10.1098/rstb.1997.0048 
</a>", , , ,Hadi Hosseini," Ali Rahimpour Jounghani, Margaret Chojak, Judit Gervain, Abi Fiske, Simone Cutini",Complete (agreement from at least 5 team members)
Differential Hemoglobin,"Differential Hemoglobin is calculated as the difference between HbO2 and HbR, Hbdiff = HbO2 – HbR.",Neuroscience,"Total Hemoglobin, Deoxygenated Hemoglobin, Oxygenated Hemoglobin","Hbdiff, Δ[HbDiff], HbD",,"<p></p><a href=""https://doi.org/10.1007/978-0-387-85998-9_47,
"" target=""_blank"">https://doi.org/10.1007/978-0-387-85998-9_47,
</a><p></p><a href=""https://doi.org/10.1016/S0166-2236(97)01132-6,
"" target=""_blank"">https://doi.org/10.1016/S0166-2236(97)01132-6,
</a><p></p><a href=""https://doi.org/10.1117/1.NPh.9.2.025001 
"" target=""_blank"">https://doi.org/10.1117/1.NPh.9.2.025001 
</a>", , , ,Chiara Bulgarelli," Hanieh Zainodini, Felix Scholkmann, Ishara Paranawithana, Jessica Gemignani, Chia-Chuan Yu, Margaret Chojak, Judit Gervain",Complete (agreement from at least 5 team members)
Effective connectivity,"The effective connectivity is the causal influences that neural units exert over another (as opposed to functional connectivity that only describes associative relations between neuronal units). Several approaches are available for detecting and quantifying effective connectivity. These techniques allow researchers to examine how different regions of the brain are connected and often to estimate the strength and directionality of these connections, and in the case of dynamic connectivity, also their change over time or in response to different experimental manipulations.",Neuroscience,"Anatomical/Structural connectivity, Functional connectivity, Granger causality, dynamic causal modeling, partial directed coherence, directed transfer function, transfer entropy, dynamic functional connectivity,  dynamic effective connectivity",EC, ,"<p></p><a href=""https://doi.org/10.1089/brain.2011.0008
"" target=""_blank"">https://doi.org/10.1089/brain.2011.0008
</a><p></p><a href=""https://doi.org/10.1007/s11517-011-0739-x.
"" target=""_blank"">https://doi.org/10.1007/s11517-011-0739-x.
</a><p></p><a href=""https://doi.org/10.1002/hbm.460010108
"" target=""_blank"">https://doi.org/10.1002/hbm.460010108
</a>", , , ,Mahmoud Elsherif," Felipe Orihuela-Espina, Lenaic Borot, Felix Scholkmann, Ishara Paranawithana, Talukdar Raian Ferdous, Christian Gerloff, Meryem Ayşe Yücel",Complete (agreement from at least 5 team members)
Extracerebral,"Extracerebral means outside of the brain (cerebrum). In fNIRS research, the term is used either to describe the structures in the probed tissue volume, which is not part of the organ of interest, such as skin, skull and CSF. The extracerebral ‘contamination’ of the fNIRS signal is related to systemic blood flow and volume changes that occur in scalp, skull, or other extracerebral tissues. Extracerebral signals can mask the cerebral signals measured by fNIRS.",Neuroscience,"Noise, Physiological Noise, Extracerebral Systemic Activity, Short-distance channels",,extra-cerebral,not applicable, , , ,"Thomas Dresler, Meryem Ayşe Yücel","Franziska Klein, Talukdar Raian Ferdous, Murat Can Mutlu, Heidrun Wabnitz, Rickson Mesquita, Paola Pinti, Ann-Christine Ehlis, Judit Gervain, Simone Cutini",Complete (agreement from at least 5 team members) 
Functional connectivity,"Functional connectivity (FC) is defined as the statistical dependency between two or more time series originating from different brain regions. FC analyses are mostly conducted to investigate how neural activity is correlated in time between brain regions or networks. FC can be calculated during different states (e.g., during rest or during performance of a task). In task-related contexts, it is important to consider the effect of task-related activity in resulting FC measures, as an external signal or stimulus can result in similar temporal profiles of FC across regions without these regions being connected per se. ",Neuroscience / Analysis ,"Resting-state functional connectivity (rsFC), Task-state functional connectivity (tsFC), resting state networks (RSN), dynamic functional connectivity, connectivity",FC,,"<a href=""https://doi.org/10.1016/j.neuroimage.2018.01.053"" target=""_blank"">https://doi.org/10.1016/j.neuroimage.2018.01.053</a><p></p><a href=""https://doi.org/10.3389/fnsys.2015.00175 
"" target=""_blank"">https://doi.org/10.3389/fnsys.2015.00175 
</a><p></p><a href=""https://doi.org/10.1117/1.3462973 
"" target=""_blank"">https://doi.org/10.1117/1.3462973 
</a><p></p><a href=""https://doi.org/10.1162/jocn_a_01828 
"" target=""_blank"">https://doi.org/10.1162/jocn_a_01828 
</a>", , , ,"Gregoire Vergotte, Chia-Chuan Yu, Lauren Emberson","Gregoire Vergotte, Ségolène Guérin  Agnes Kroczek, Aykut Eken, Oliver Seidel-Marzi, Chiara Bulgarelli, Ishara Paranawithana, David Mehler, Lauren Emberson, Margaret Chojak, Ann-Christine Ehlis, Judit Gervain, Meryem Ayşe Yücel",Complete (agreement from at least 5 team members) 
Functional hyperemia,"Functional hyperemia is an increase in blood flow in response to neural metabolic activity. In the brain, this mechanism ensures sufficient supply of oxygen and nutrients to active regions during periods of heightened neural activity. It is crucial for normal physiological brain function and is disrupted in pathological processes, including neurological (e.g. stroke, traumatic brain injury, and neurodegenerative diseases) and metabolic (e.g. diabetes) diseases.",Neuroscience,Hyperemia,,,"<a href=""https://doi.org/10.1177%2F1073858417703033 https://doi.org/10.1161/01.STR.29.1.229  "" target=""_blank"">https://doi.org/10.1177%2F1073858417703033 https://doi.org/10.1161/01.STR.29.1.229  </a>", , , ,Rob J. MacLennan,"Talukdar Raian Ferdous, David Mehler, Heidrun Wabnitz, Meryem Ayşe Yücel,Yoko Hoshi, Judit Gervain",Complete (agreement from at least 5 team members)
Functional Localization,"Functional localization refers to the process of using a well-defined task to decide which brain regions are selective, i.e. show statistically significant activation, for a particular function, and then testing if the same brain regions are engaged in a second task. For example, participants perform a finger tapping task to assess the location of motor functions and the channel(s) with the strongest motor response(s) in each participant is (are) taken as that person’s functional ROI. The same participants then perform a motor planning task and the brain response to motor planning is assessed ONLY in the functional ROI. Note the functional ROI is defined by the first task and could be in a different location in each participant. This method is common in fMRI but less common in fNIRS.",Neuroscience,Hyperemia,,,"<a href=""https://doi.org/10.1177%2F1073858417703033 https://doi.org/10.1161/01.STR.29.1.229  "" target=""_blank"">https://doi.org/10.1177%2F1073858417703033 https://doi.org/10.1161/01.STR.29.1.229  </a>", , , ,Hadi Hosseini," Ali Rahimpour Jounghani, Aykut Eken, Hadi Hosseini; Antonia Hamilton, Ann-Christine Ehlis, Judit Gervain",Complete (agreement from at least 5 team members)
Gray Matter,"Gray matter is the brain tissue which contains the neuronal cell bodies and synapses. The largest part is in the cerebral cortex, but the basal ganglia and thalamus are also gray matter structures which are embedded in the white matter. The cerebrum, brainstem and cerebellum, and throughout the spinal cord have gray matter. It is distributed at the surface of the cerebral hemispheres (cerebral cortex) and of the cerebellum (cerebellar cortex). It is distinguished from white matter, which mostly consists of (myelinated) axons, and derives its whitish color from the color of myelin. ",Neuroscience,white matter,GM,,"<p></p><a href="" Mercadante AA, Tadi P. Neuroanatomy, Gray Matter (2023)Treasure Island (FL): StatPearls Publishing; PMID: 31990494. https://pubmed.ncbi.nlm.nih.gov/31990494/ 
"" target=""_blank""> Mercadante AA, Tadi P. Neuroanatomy, Gray Matter (2023)Treasure Island (FL): StatPearls Publishing; PMID: 31990494. https://pubmed.ncbi.nlm.nih.gov/31990494/ 
</a><p></p><a href=""https://doi.org/10.1002/glia.23614
"" target=""_blank"">https://doi.org/10.1002/glia.23614
</a>",(if applicable) ,(if applicable) ,(if applicable) ,Aykut Eken,"Chia-Chuan Yu, Margaret Chojak, Yoko Hoshi, Judit Gervain, Simone Cutini",Complete (agreement from at least 5 team members)
Hemisphere,Hemisphere refers to a half of the cerebrum. The two hemispheres have slight anatomical differences and slightly distinct functional specializations. The right hemisphere controls the left side of the body and vice versa. Such lateralization can readily be measured using fNIRS for many neural functions.,Neuroscience,"Lateralization, Lobe, Cerebrum",,Right lobe,"E. Kandel. Principles of Neural Science, Fifth Edition. Principles of Neural Science. McGraw-Hill Education, 2013.", , , ,OntoNIRS,"Lenaic Borot , Ali Rahimpour Jounghani, Christina Artemenko, Chiara Bulgarelli, Ann-Christine Ehlis, Mahmoud Elsherif, Lauren Emberson, Margaret Chojak, Judit Gervain, Louisa Gossé",Complete (agreement from at least 5 team members) 
Hemodynamic response,"Hemodynamic response is a change in blood flow in response to an increase in local metabolic demands due to an increase in neuronal activity. In the measured fNIRS signal, this is reflected as a change in oxy- and deoxy-hemoglobin concentrations. Typically the blood flow response overcompensates the demand leading to a focal hyperoxygenation in the activated area. The peak of the hemodynamic response is detectable by NIRS at about 6 seconds (4-8 s) after the onset of the event. Hemodynamic response is typically characterized by a large increase in Oxy-Hb  and a smaller decrease in the concentration of deoxygenated hemoglobin (but may - depending on the measurement area - also show no change or even increase during a hemodynamic response) resulting in the characteristic anticorrelated signal structure of oxy- and deoxy-hemoglobin. Features of the hemodynamic response function (HRF) have been shown to change with age or disease.",Neuroscience,"Blood oxygen level dependent response, neurovascular coupling, hemodynamic response function (HRF), initial dip",HR,"hemodynamic responses, hemodynamic responses","M.A. Arbib and J.J. Bonaiuto. From Neuron to Cognition Via Computational Neuroscience. Computational Neuroscience Series. MIT Press, 2016.<p></p><a href=""https://doi.org/10.1016/j.neuroimage.2005.08.065 
"" target=""_blank"">https://doi.org/10.1016/j.neuroimage.2005.08.065 
</a><p></p><a href=""https://doi.org/10.1016/j.neuroimage.2007.02.035
"" target=""_blank"">https://doi.org/10.1016/j.neuroimage.2007.02.035
</a><p></p><a href=""https://doi.org/10.1088/0031-9155/47/7/309 
"" target=""_blank"">https://doi.org/10.1088/0031-9155/47/7/309 
</a><p></p>
", , , ,"OntoNIRS,  Meryem Ayşe Yücel"," Kim Meidenbauer, Beatrix Barth, Agnes Kroczek, Ann-Christine Ehlis, Chiara Bulgarelli, David Mehler, Judit Gervain, Simone Cutini",Complete (agreement from at least 5 team members)
Hemoglobin,"Hemoglobin is the oxygen-carrying pigment and the predominant protein in the red blood cells that is responsible for delivery of oxygen to the tissues. Each hemoglobin molecule is made up of four subunits (globins) each containing a heme group. Heme contains iron, which gives a red color to the molecule. Hemoglobin forms an unstable, reversible bond with oxygen. In its oxygenated state it is called oxyhemoglobin (O2Hb) and is bright red. In its reduced state it is called deoxyhemoglobin (HHb) and is purple-blue. O2Hb and HHb have different magnetic and optical properties that give rise to functional magnetic resonance imaging (fMRI) and functional near-infrared spectroscopy (fNIRS) signals. O2Hb is diamagnetic (i.e. it shows a weak repulsion in magnetic fields) and has an optical absorption around 660nm. In contrast, HHb is paramagnetic (i.e. it shows a weak attraction in magnetic fields) and has an optical absorption around 760 nm.   Hemoglobin concentrations in the blood depend on physiological processes and are thus affected in certain diseases (e.g. malnourishment) that can result in anemia. ",Neuroscience,"Oxyhemoglobin, Deoxyhemoglobin, Total Hemoglobin, Anaemia",Hb,,"F.G. Ashby. Statistical Analysis of FMRI Data. EBSCO ebook academic collection. MIT Press, 2011.<p></p><a href=""Billett HH. Hemoglobin and Hematocrit. In: Walker HK, Hall WD, Hurst JW, editors. Clinical Methods: The History, Physical, and Laboratory Examinations. 3rd edition. Boston: Butterworths; 1990. https://www.ncbi.nlm.nih.gov/books/NBK259/
"" target=""_blank"">Billett HH. Hemoglobin and Hematocrit. In: Walker HK, Hall WD, Hurst JW, editors. Clinical Methods: The History, Physical, and Laboratory Examinations. 3rd edition. Boston: Butterworths; 1990. https://www.ncbi.nlm.nih.gov/books/NBK259/
</a><p></p><a href=""https://doi.org/10.1038/npjparkd.2016.21 
"" target=""_blank"">https://doi.org/10.1038/npjparkd.2016.21 
</a>", , , ,"OntoNIRS, Valentina Quaresima","Kim Meidenbauer, Beatrix Barth, Oliver Seidel-Marzi, David Mehler, Rob J MacLennan, Margaret Chojak, Meryem Ayşe Yücel, Judit Gervain",Complete (agreement from at least 5 team members)
Homologous Connectivity,"Homologous connectivity refers to the connectivity between corresponding brain regions or areas in the left and right hemispheres. They are often referred to as ""mirror"" areas due to their similar structure and function: for example, the correlation between activity in the left dorsolateral prefrontal cortex and the right dorsolateral prefrontal cortex. ",Neuroscience,Bilateral Connectivity,HC,"Inter-hemispheric (homologous) Connectivity, Homotopic Connectivity","<a href=""https://doi.org/10.1038/s41598-019-40188-3 "" target=""_blank"">https://doi.org/10.1038/s41598-019-40188-3 </a>", , , ,Ishara Paranawithana," Talukdar Raian Ferdous, Chiara Bulgarelli, Lauren Emberson, Renato Orti, Laura Diprossimo, Judit Gervain",Complete (agreement from at least 5 team members)
Initial dip,"The initial dip describes a transient negative response that can be sometimes observed in blood-oxygenation level-dependent (BOLD) / hemodynamic signals. It is assumed to reflect the preliminary stages of the neural metabolic response that causes a transient decrease in oxygenated hemoglobin just prior to the much larger ensuing hemodynamic response leading to an increase in focal oxygenation. The initial dip has been subject to substantial debate because it cannot always be observed. Many factors likely contribute to whether it appears and to what degree, including physiological conditions, participant age, experimental methodologies, species, regions, data analysis. Nethertheless, the initial dip is modeled as part of the canonical hemodynamic response function for BOLD fMRI analyses.   ",Neuroscience,"blood-oxygenation level-dependent (BOLD) response, hemodynamic response, hemodynamic response function",,,"<a href=""https://doi.org/10.1016/j.neuroimage.2012.03.005"" target=""_blank"">https://doi.org/10.1016/j.neuroimage.2012.03.005</a><p></p><a href=""https://doi.org/10.1016/j.neuroimage.2012.03.005
"" target=""_blank"">https://doi.org/10.1016/j.neuroimage.2012.03.005
</a><p></p><a href=""https://doi.org/10.3389/fnbot.2018.00069
"" target=""_blank"">https://doi.org/10.3389/fnbot.2018.00069
</a><p></p><a href=""https://doi.org/10.1364/BOE.8.000367
"" target=""_blank"">https://doi.org/10.1364/BOE.8.000367
</a>", , , ,"Renato Orti, David Mehler"," Ségolène Guérin, Oliver Seidel-Marzi, David Mehler, Michael Lührs, Abi Fiske, Yoko Hoshi, Ann-Christine Ehlis, Judit Gervain, Simone Cutini",Complete (agreement from at least 5 team members)
Inter-personal neural synchrony,Synchronized fluctuations of brain signals between two or more individuals observed during social interaction or when the individuals participate in joint tasks. fNIRS naturally lends itself to the characterization of inter-personal neural synchrony because of its ease of recording when two individuals are interacting. The typical setup to measure inter-personal neural synchrony is hyperscanning.,Neuroscience,Hyperscanning,INS,"Inter-personal brain synchrony; Brain-to-brain synchrony, inter-subject connectivity","<a href=""https://doi.org/10.1093/scan/nsaa115  https://doi.org/10.1016/j.neuroimage.2021.118263 https://doi.org/10.1016/j.tics.2020.01.006"" target=""_blank"">https://doi.org/10.1093/scan/nsaa115  https://doi.org/10.1016/j.neuroimage.2021.118263 https://doi.org/10.1016/j.tics.2020.01.006</a><p></p>10.1016/j.neubiorev.2023.105042
", , , ,Ségolène Guérin,"Gegoire Vergotte, Talukdar Raian Ferdous Chiara Bulgarelli, Ishara Paranawithana, David Mehler, Lauren Emberson, Margaret Chojak; Antonia Hamilton, Ann-Christine Ehlis, Judit Gervain",Complete (agreement from at least 5 team members)
Intracerebral,"Occurring in, or situated within the cerebrum as opposed to in the surface vasculature or elsewhere outside the brain.",Neuroscience,Intercerebral,,,"<a href=""National Cancer Institute. National Cancer Institute Thesaurus, 2017. Documentation page available on http://nciterms.nci.nih.gov."" target=""_blank"">National Cancer Institute. National Cancer Institute Thesaurus, 2017. Documentation page available on http://nciterms.nci.nih.gov.</a>", , , ,OntoNIRS," David Mehler, Lauren Emberson, Rob J MacLennan Laura Diprossimo, Louisa Gossé, Ann-Christine Ehlis, Judit Gervain",Complete (agreement from at least 5 team members)
Intracranial,Intracranial refers to something situated or occurring in the skull (cranium). ,Neuroscience,,,,"<a href=""National Cancer Institute. National Cancer Institute Thesaurus, 2017. Documentation page available on http://nciterms.nci.nih.gov."" target=""_blank"">National Cancer Institute. National Cancer Institute Thesaurus, 2017. Documentation page available on http://nciterms.nci.nih.gov.</a>", , , ,OntoNIRS," David Mehler, Lauren Emberson, Renato Orti, Hadi Hosseini, Laura Diprossimo, Chia-Chuan Yu,  Louisa Gossé, Meryem Ayşe Yücel, Ann-Christine Ehlis, Judit Gervain",Complete (agreement from at least 5 team members)
Inverted Hemodynamic Response,"The inverted hemodynamic response is a response where oxy-Hb decreases and deoxy-Hb increases in response to a stimulus.  The inverted hemodynamic response is occasionally observed in adult participants, and somewhat more frequently in developmental populations. The exact reasons for its occurrence are not fully clear, it may be related to individual variability, age and the immaturity of the hemodynamic response, in particular in infants, but it is sometimes also related to the experimental task or stimuli, (e.g. when the baseline stimuli trigger a stronger response than the experimental stimuli), or to systemic changes (e.g. decrease in partial pressure of CO2). ",Neuroscience,negative BOLD response,,,"<p></p><a href=""https://doi.org/10.1016/j.dcn.2018.01.009 
"" target=""_blank"">https://doi.org/10.1016/j.dcn.2018.01.009 
</a><p></p><a href=""https://doi.org/10.1016/j.neuroimage.2016.08.058 
"" target=""_blank"">https://doi.org/10.1016/j.neuroimage.2016.08.058 
</a>", , , ,Judit Gervain," Paola Pinti, Chiara Bulgarelli, Louisa Gossé",Open for review
Mayer waves,"Mayer waves are slow oscillations of arterial pressure occurring spontaneously at a frequency lower than respiration $\\sim$ 0.1 Hz in humans). They are tightly coupled with synchronous oscillations of efferent sympathetic nervous activity and are almost invariably enhanced during states of sympathetic activation. Mayer waves are correlated with heart rate variability. They are strongest in adult participants in a sitting or standing position, whereas they are attenuated in the supine position as well as in infants and young children.",Neuroscience,"arterial blood pressure oscillations, systemic activity, filtering",,,"<a href=""https://doi.org/10.1016/j.cardiores.2005.11.008"" target=""_blank"">https://doi.org/10.1016/j.cardiores.2005.11.008</a><p></p><a href=""https://doi.org/10.1117/1.NPh.8.4.041001 
"" target=""_blank"">https://doi.org/10.1117/1.NPh.8.4.041001 
</a><p></p><a href=""https://doi.org/10.1142/S0129065720500033 
"" target=""_blank"">https://doi.org/10.1142/S0129065720500033 
</a>", , , ,OntoNIRS," Margaret Chojak, Beatrix Barth, Franziska Klein, Lauren Emberson, Michael Lührs, Judit Gervain, Meryem Ayşe Yücel, Valentina Quaresima",Complete (agreement from at least 5 team members)
Melanin,"Melanin, a poly-indolequinone biopolymer, is a high refractive index brown-black pigment produced and stored by melanosomes, organelles of the melanocytes at the base of the epidermis. Melanin is composed of nanoparticles that are 30–50 nm in size, in which melanin monomers are cross-linked together and form stacking structures. Melanin absorbs light in the UV, visible, and near-infrared regions and protects tissues by scattering or dissipating light. Darker skin tones have significantly larger and more concentrated melanosomes that increase the absorption cross section of melanin resulting in enhanced light absorption. Extracranial contamination (including skin melanin concentration) do not affect NIRS measurements, since the concentration of melanin remains constant over the measuring period. It thus affects noise level, but not the changes in optical properties due to the hemodynamic response.  ",Neuroscience,,MP (melanin pigment),,"<a href=""https://doi.org/10.1152/physrev.00059.2017"" target=""_blank"">https://doi.org/10.1152/physrev.00059.2017</a><p></p><a href=""https://doi.org/10.3389/fnins.2023.1086208
"" target=""_blank"">https://doi.org/10.3389/fnins.2023.1086208
</a>", , , ,Valentina Quaresima," Mahmoud Elsherif, Franziska Klein, Judit Gervain",Complete (agreement from at least 5 team members)
Metabolism,"Metabolism is the total of all organic processes (or chemical changes) taking place in a cell or organism that produce the energy and basic materials that are necessary to sustain life. Cellular metabolism can be divided into two categories: anabolism which entails the construction of complex organic molecules from simpler precursors, and catabolism which involves the breakdown of complex substances into simpler molecules. The adjective of metabolism is metabolic. ",Neuroscience,"catabolism, anabolism",,metabolic process,"<a href=""National Cancer Institute. National Cancer Institute Thesaurus, 2017. Documentation page available on http://nciterms.nci.nih.gov."" target=""_blank"">National Cancer Institute. National Cancer Institute Thesaurus, 2017. Documentation page available on http://nciterms.nci.nih.gov.</a><p></p><a href=""https://doi.org/10.1038/098389b0  
"" target=""_blank"">https://doi.org/10.1038/098389b0  
</a><p></p><a href=""Sánchez López de Nava A, Raja A. Physiology, Metabolism. (2022) Treasure Island (FL): StatPearls Publishing PMID: 31536296.https://pubmed.ncbi.nlm.nih.gov/31536296/ 
"" target=""_blank"">Sánchez López de Nava A, Raja A. Physiology, Metabolism. (2022) Treasure Island (FL): StatPearls Publishing PMID: 31536296.https://pubmed.ncbi.nlm.nih.gov/31536296/ 
</a>", , , ,OntoNIRS," Beatrix Barth, Oliver Seidel-Marzi, Hadi Hosseini, Margaret Chojak,  Louisa Gossé, Meryem Ayşe Yücel, David Mehler, Rob J MacLennan, Abi Fiske, Judit Gervain",Complete (agreement from at least 5 team members)
Montreal Neurological Institute template,"A standard set of 3 coordinates in x- y and z-direction developed at the Montreal Neurological Institute (MNI) that reports, as spatial locations in the brain, the results of voxel-based analysis. These coordinates were obtained by spatially co-registering 152 brain images acquired from healthy participants.",Neuroscience,Talairach coordinates,"MNI template, MNI 152",,"<p></p><a href=""https://doi.org/10.1017/9781316105771 
"" target=""_blank"">https://doi.org/10.1017/9781316105771 
</a>", , , ,OntoNIRS," Lenaic Borot, Kim Meidenbauer, Aykut Eken, Lauren Emberson Laura Diprossimo, Judit Gervain",Complete (agreement from at least 5 team members)
Negative BOLD response,"Relative temporal decrease in BOLD contrast (stemming from increases in proportion of deoxygenated hemoglobin) in specific areas of the brain. Converging evidence indicates that the negative BOLD response can be interpreted as a decrease in neuronal activity below baseline (e.g. rest) levels. However, it is possible that it originates from a different neurovascular coupling mechanism compared to a positive BOLD response. ",Neuroscience,Inverted Hemodynamic Response,NBR,,"<a href=""https://doi.org/10.1016/S0896-6273(02)01138-8  ;  https://doi.org/10.1152/jn.01199.2011"" target=""_blank"">https://doi.org/10.1016/S0896-6273(02)01138-8  ;  https://doi.org/10.1152/jn.01199.2011</a><p></p><a href=""https://doi.org/10.1016/j.neuroimage.2014.02.029
"" target=""_blank"">https://doi.org/10.1016/j.neuroimage.2014.02.029
</a><p></p><a href=""https://doi.org/10.1016/j.neuroimage.2013.10.055 
"" target=""_blank"">https://doi.org/10.1016/j.neuroimage.2013.10.055 
</a><p></p><a href=""https://doi.org/10.1016/j.cub.2016.12.028 
"" target=""_blank"">https://doi.org/10.1016/j.cub.2016.12.028 
</a>", , , ,"Ali Rahimpour Jounghani, David Mehler"," David Mehler, Lauren Emberson, Michael Lührs, Laura Diprossimo, Meryem Ayşe Yücel",Complete (agreement from at least 5 team members)
Neural Activity,Neural activity refers to the firing and discharge of action potentials by neurons leading to electrophysiological currents and transmissions in the central nervous system (CNS) and peripheral nervous system (PNS) in order to convey information. ,Neuroscience,,,,"Alberts, B., Johnson, A., Lewis, J., Raff, M., Roberts, K., & Walter, P. (2002). General principles of cell communication. In Molecular Biology of the Cell. 4th edition. Garland Science. ", , , ,"Ali Rahimpour Jounghani, Lauren Emberson"," Kim Meidenbauer, Talukdar Raian Ferdous Murat Can Mutlu, Lauren Emberson, Jason DeFreitas, Rob J MacLennan, Chia-Chuan Yu, Meryem Ayşe Yücel, Ann-Christine Ehlis, Judit Gervain",Complete (agreement from at least 5 team members)
Neurofeedback,"In neurofeedback, the participant's brain activity is measured (e.g., with fNIRS fMRI or EEG), processed and fed back to the user in real time. In this way, selected features of brain activity are made perceptible to the participant. As a result, participants can learn to modify their brain activity depending on the feedback, and thus directly change specific neural correlates putatively underlying a specific behavior, function or symptom. Neurofeedback training can be implemented in an explicit (i.e. with specific task instructions) or in an implicit way. Neurofeedback has been applied in many clinical areas and is investigated for its potential in alleviating symptoms in a range of psychiatric and neurological diseases. ",Neuroscience,"Biofeedback, Brain Computer Interface, real-time ","NF, NFT, NFB",,"<a href=""https://doi.org/10.1038/nrn.2016.164"" target=""_blank"">https://doi.org/10.1038/nrn.2016.164</a><p></p><a href=""https://doi.org/10.15412%2FJ.BCN.03070208 
"" target=""_blank"">https://doi.org/10.15412%2FJ.BCN.03070208 
</a><p></p><a href=""https://doi.org/10.1016/j.neurol.2021.08.004 
"" target=""_blank"">https://doi.org/10.1016/j.neurol.2021.08.004 
</a>", , , ,Beatrix Barth," Kim Meidenbauer, Margaret Chojak, Ann-Christine Ehlis, Franziska Klein, David Mehler, Chiara Bulgarelli, Judit Gervain",Complete (agreement from at least 5 team members) 
Neuroimaging,"Neuroimaging is a field of research that uses imaging technology to examine the structure and functions of the central nervous system. There are two main categories of neuroimaging tools: Structural imaging that quantifies the anatomy/morphology of the brain (e.g. voxel-based morphometry) and functional imaging that measures the functioning of the brain (e.g. EEG, fMRI, fNIRS). Moreover Imaging technologies differ with regard to the response assessed, that is the electrophysiological, the hemodynamic and/or the metabolic response. ",Neuroscience,"(functional/structural) Magnetic Resonance Imaging ((f)MRI/(s)MRI), Electroencephalography (EEG), functional Near-Infrared Spectroscopy (fNIRS), Magnetencephalography (MEG), Positron Emission Tomography (PET), Computerized Tomography (CT)",,,"<a href=""https://doi.org/10.3389/fneur.2020.00257"" target=""_blank"">https://doi.org/10.3389/fneur.2020.00257</a><p></p><a href=""https://doi.org/10.31887%2FDCNS.2009.11.4%2Fmbrammer 
"" target=""_blank"">https://doi.org/10.31887%2FDCNS.2009.11.4%2Fmbrammer 
</a>", , , ,Usama A Syed," Mahmoud Elsherif, Kim Meidenbauer, Margaret Chojak, Franziska Klein, Oliver Seidel-Marzi, Talukdar Raian Ferdous, Chiara Bulgarelli,  Lauren Emberson, Meryem Ayşe Yücel, Ann-Christine Ehlis, Judit Gervain",Complete (agreement from at least 5 team members)
Neurometabolic coupling,"The neurovascular and neurometabolic (NMC) couplings connect cerebral activity, blood flow, and metabolism. This interconnection is used for instance in fMRI and fNIRS. The mechanisms underlying the NVC are complex. Astrocytes adjust energy production to neuronal energy needs through different mechanisms grouped under the term ""neurometabolic coupling"" (NMC). These mechanisms of coupling are particularly important to ensure normal synaptic functioning when neurons undergo rapid and repetitive changes in the firing rate. Investigations into brain energy metabolism have been mainly focused on glucose consumption, lactate production and glycogen metabolism. Lactate is transferred from astrocytes to neurons to match the neuronal energetic needs, and to provide signals that modulate neuronal functions, including excitability, plasticity and memory consolidation. Consequently, neurons and astrocytes show tight metabolic coupling.",Neuroscience,,NMC,,"<a href=""https://doi.org/10.1111/jnc.13143 "" target=""_blank"">https://doi.org/10.1111/jnc.13143 </a>", , , ,"Renato Orti, Marco Ferrari"," Marco Ferrari, Paola Pinti",Open for review
Neuron,"Neurons are the main information-processing cells of the nervous system along with supporting cells such as glial cells. Neurons have a cell body, dendrites and axons. Dendrites receive synaptic information from other neurons by transmitters. When the potential change at the axon-hill reaches a critical threshold the cell launches an action potential travelling through the axon which has synaptic connections to the dendrites of other neurons.  Most neurons thus use action potentials to send signals over a distance via axons, and neurons communicate with one another using synaptic transmission. While dendritic potential changes add up, the action potential is either generated or not (all- or - nothing principle). ",Neuroscience,,,,"M.F. Bear, B.W. Connors, and M.A. Paradiso. Neuroscience: Exploring the brain. Neuroscience: Exploring the Brain. Lippincott Williams & Wilkins, 2007<p></p><a href=""https://doi.org/10.1002/cne.24040
"" target=""_blank"">https://doi.org/10.1002/cne.24040
</a><p></p><a href=""https://doi.org/10.1038/nrn.2018.19 
"" target=""_blank"">https://doi.org/10.1038/nrn.2018.19 
</a><p></p><a href=""https://doi.org/10.1016/j.neuroscience.2015.12.007 
"" target=""_blank"">https://doi.org/10.1016/j.neuroscience.2015.12.007 
</a>", , , ,OntoNIRS," Agnes Kroczek, Lauren Emberson, Jason DeFreitas, Rob J MacLennan, Divya Jain, Chia-Chuan Yu, Margaret Chojak, Judit Gervain",Complete (agreement from at least 5 team members)
Neurovascular coupling,"Neurovascular coupling is a complex physiological process that  regulates blood flow and oxygen delivery to the neuronal tissue  during functional activity and is related to the neurovascular unit. The latter comprises   the local vascularture , neurons, and astrocytes.  A gross oversimplification can be summarized as follows: neural activation increases oxygen demand. Following arterial endothelium signaling, the regional lood flow is increased. This results in an increase in the cerebral blood flow and cerebral blood volume. Larger increases in cerebral blood volume compared to the regional oxygen consumption results in an increase in blood oxygenation in the region. Neurovascular coupling can be compromised in brain regions that are affected by pathological processes (e.g. inflammation, lesions), which should be considered in the interpretation of hemodynamic brain imaging data of certain patient populations (e.g. traumatic brain injury, or stroke).   ",Neuroscience,cerebral blood flow,,,"Mark A Mintun, et al. Blood flow and oxygen delivery to human brain during functional activity: theoretical modeling and experimental data. Proceedings of the National Academy of Sciences, 98(12):6859–6864, 2001.<p></p><a href=""https://doi.org/10.1073%2Fpnas.111164398 
"" target=""_blank"">https://doi.org/10.1073%2Fpnas.111164398 
</a><p></p><a href=""https://doi.org/10.1016/s0896-6273(04)00221-1 
"" target=""_blank"">https://doi.org/10.1016/s0896-6273(04)00221-1 
</a><p></p><a href=""https://doi.org/10.1038/sj.jcbfm.9600091 
"" target=""_blank"">https://doi.org/10.1038/sj.jcbfm.9600091 
</a><p></p><a href=""https://doi.org/10.1016/j.neuroimage.2012.01.040 
"" target=""_blank"">https://doi.org/10.1016/j.neuroimage.2012.01.040 
</a><p></p><a href=""https://doi.org/10.1177/0271678x15617954 
"" target=""_blank"">https://doi.org/10.1177/0271678x15617954 
</a><p></p><a href=""https://doi.org/10.1016/j.neuron.2017.07.030. 
"" target=""_blank"">https://doi.org/10.1016/j.neuron.2017.07.030. 
</a>", , , ,OntoNIRS," Agnes Kroczek, David Mehler, Renato Orti, Rob J MacLennan, Divya Jain, Chia-Chuan Yu, Valentina Quaresima, Judit Gervain, Marco Ferrari",Complete (agreement from at least 5 team members)
Neurovascular coupling,"Neurovascular coupling is a complex physiological process that  regulates blood flow and oxygen delivery to the neuronal tissue  during functional activity and is related to the neurovascular unit. The latter comprises   the local vascularture , neurons, and astrocytes.  A gross oversimplification can be summarized as follows: neural activation increases oxygen demand. Following arterial endothelium signaling, the regional lood flow is increased. This results in an increase in the cerebral blood flow and cerebral blood volume. Larger increases in cerebral blood volume compared to the regional oxygen consumption results in an increase in blood oxygenation in the region. Neurovascular coupling can be compromised in brain regions that are affected by pathological processes (e.g. inflammation, lesions), which should be considered in the interpretation of hemodynamic brain imaging data of certain patient populations (e.g. traumatic brain injury, or stroke).   ",Neuroscience,Light Intensity,OD,,"doi: 10.1117/1.JBO.26.10.100901; DOI:10.1152/japplphysiol.01217.2001<p></p>doi: 10.1038/s41598-022-06082-1
<p></p><a href=""https://doi.org/10.3390/jfmk4020028
"" target=""_blank"">https://doi.org/10.3390/jfmk4020028
</a>"," Optical density or absorbance is the ability of a material to transmit light through it. It is affected by the wavelength of light. At the same time, absorption is the transfer of wave energy when the wave passes through a medium.", , ,Hadi Hosseini," Ali Rahimpour Jounghani, Margaret Chojak, Abi Fiske, Yoko Hoshi, Judit Gervain, Marco Ferrari ",Complete (agreement from at least 5 team members)
Oxidation,Oxidation is a chemical reaction in which atoms lose their electron(s).,Neuroscience,,,Oxidation,"<a href=""National Cancer Institute. National Cancer Institute Thesaurus, 2017. Documentation page available on http://nciterms.nci.nih.gov."" target=""_blank"">National Cancer Institute. National Cancer Institute Thesaurus, 2017. Documentation page available on http://nciterms.nci.nih.gov.</a>", , , ,Yoko Hoshi,"Rob J MacLennan, Laura Diprossimo, Yoko Hoshi, Judit Gervain, Meryem Ayşe Yücel",Complete (agreement from at least 5 team members)
Oxidation state of the cytochrome-c-oxidase,"The enzyme cytochrome-c-oxidase (CCO) is a transmembrane protein in mitochondria  - a vital cell organelle  - and the last part of the respiratory electron transport chain. As such CCO is a central component to maintain the electrochemical transmembrane gradient of mitochondria, which is needed for the core enzyme involved in energy supply of cells, the ATP-Synthase. Changes in cellular oxygen utilization can be measured by the oxidation state of CCO. Specifically, the oxidation state of CCO (oxCCO) can be detected using multi-wavelength or broadband NIRS. In fact, one of the copper sites of CCO dominates the absorption spectrum in the NIR region, with a strong peak in the oxidized form centered around 830 to 840 nm. The difference between these absorption spectra (oxidized-reduced CCO) can be used to monitor changes in the redox states of the mitochondrial proteins as a prox of brain metabolism. In contrast to changes in hemoglobin oxygenation, oxCCO is cell-specific and not affected by systemic, extracerebral fluctuations. It is thus considered a more specific indicator of brain activity compared to oxygenated or deoxygenated hemoglobin concentrations.",Neuroscience,bNIRS,oxCCO,,"<a href=""https://doi.org/10.1007/978-3-319-55231-6_19; "" target=""_blank"">https://doi.org/10.1007/978-3-319-55231-6_19; </a><p></p><a href=""https://doi.org/10.1117/1.JBO.21.9.091307
"" target=""_blank"">https://doi.org/10.1117/1.JBO.21.9.091307
</a><p></p>
","The enzyme cytochrome c oxidase (CCO) or Complex IV, classified as a translocase EC 7.1.1.9), is a large transmembrane protein complex composed of several metal prosthetic sites and 14 protein subunits. It is the last enzyme in the respiratory electron transport chain of cells, and it is located in the inner mitochondrial membrane. It receives an electron from each of four cytochrome c molecules and transfers them to one oxygen molecule and four protons, producing two molecules of water. The transfer of electrons within the mitochondrial electron transport chain complexes occurs via several proteins bound redox factors. CCO contains four redox centers: two hems (known collectively as aa3) and two copper sites. The electrons pass between these centers in a series of redox reactions. All these redox changes have associated optical transitions. In the NIR region, one of the copper sites, the Cu-Cu dimer copper A (CuA), dominates the absorption spectrum, with a strong peak in the oxidized form centered around 830 to 840 nm.  The difference between these absorption spectra (oxidized-reduced CCO) can be used to monitor changes in the redox states of the mitochondrial proteins. Total CCO concentration does not change over a short-time period (in the order of hours); therefore, for analytical purposes, it is only necessary to use the difference spectrum between the oxidized and reduced species to obtain an indicator of the changes in the CCO redox state. ", , https://doi.org/10.1117/1.JBO.21.9.091307 ,David Mehler ," Michael Lührs, Yoko Hoshi, Ilias Tachtsidis, Paola Pinti ",Open for review
Oxygen,"Oxygen is an element with atomic symbol O, atomic number 8, and atomic weight 16. It is necessary to fully metabolize glucose in order to prduce ATP as the energy source of cells (aerobic glucose metabolism). ",Neuroscience,"O2, Oxygenated Hemoglobin, Deoxygenated Hemoglobin",O,O2,"<a href=""National Cancer Institute. National Cancer Institute Thesaurus, 2017. Documentation page available on http://nciterms.nci.nih.gov."" target=""_blank"">National Cancer Institute. National Cancer Institute Thesaurus, 2017. Documentation page available on http://nciterms.nci.nih.gov.</a>", , , ,OntoNIRS," Franziska Klein, Chiara Bulgarelli, Hadi Hosseini, Laura Diprossimo, Margaret Chojak",Complete (agreement from at least 5 team members)
Oxygen extraction fraction,"The Oxygen extraction fraction (OEF) is the fraction of oxygen that is extracted from the blood by the brain tissue as it passes through the brain's circulatory system. OEF can thus be viewed as a proxy measure for efficiency of oxygen use for a respective tissue. In the context of neuroscience, OEF is a hemodynamic marker for brain ischemia and is thus relevant to brain diseases such as ischemic stroke. ",Neuroscience,,OEF,,"<a href=""https://doi.org/10.3389/fneur.2022.752450"" target=""_blank"">https://doi.org/10.3389/fneur.2022.752450</a>", , , ,"David Mehler, Michael Lührs","Rickson Mesquita, Katharina Stute",Open for review
Oxygenated Hemoglobin,Oxygenated hemoglobin is a complex molecule where the heme group of the hemoglobin protein has formed a reversible complex with oxygen (O$_2$) in the pulmonary capillaries. This red blood cell protein travels through circulating blood carrying oxygen to body tissues and organs where it is readily released.,Neuroscience,"Hemoglobin, Deoxygenated Hemoglobin, Total Hemoglobin, Oxygen","HbO, oxy-hb, O2Hb (as used in clinical chemistry), HbO2,","oxyhaemoglobin, oxy hemoglobin, oxyhemoglobin","<a href=""National Cancer Institute. National Cancer Institute Thesaurus, 2017. Documentation page available on http://nciterms.nci.nih.gov."" target=""_blank"">National Cancer Institute. National Cancer Institute Thesaurus, 2017. Documentation page available on http://nciterms.nci.nih.gov.</a>", , , ,"OntoNIRS, Valentina Quaresima"," Kim Meidenbauer, Beatrix Barth, Franziska Klein, Lauren Emberson, Rob J MacLennan, Divya Jain, Margaret Chojak, Judit Gervain",Complete (agreement from at least 5 team members)
Physiological noise,"In the context of fNIRS, physiological noise reflects physiological activity (e.g., blood pressure fluctuations related to heart rate, respiration, and low-frequency oscillations) that are not related to the hemodynamic signal of interest, i.e. the hemodynamic signal that indexes neural activity. Physiological noise can be captured as a global component in overall brain activity, or measured in surface vasculature, later to be removed from the fNIRS signal. ",Neuroscience,"Preprocessing, Artifact Correction, contamination, Extracerebral components, artifact, noise, Mayer wave",,"Physiologic or Metabolic Artifact, Systemic Activity","<a href=""National Cancer Institute. National Cancer Institute Thesaurus, 2017. Documentation page available on http://nciterms.nci.nih.gov. "" target=""_blank"">National Cancer Institute. National Cancer Institute Thesaurus, 2017. Documentation page available on http://nciterms.nci.nih.gov. </a><p></p><a href=""https://doi.org/10.1016/j.neuroimage.2019.116472
"" target=""_blank"">https://doi.org/10.1016/j.neuroimage.2019.116472
</a>", , , ,Kim Meidenbauer," Kim Meidenbauer Agnes Kroczek, Franziska Klein, Ali Rahimpour Jounghani Chiara Bulgarelli, David Mehler, Lauren Emberson, Chia-Chuan Yu, Hadi Hosseini, Ann-Christine Ehlis",Complete (agreement from at least 5 team members)
Physiological respiration,"Physiological respiration refers to the biological processes that are necessary to provide an organism with vital oxygen. These processes can be divided in three phases: 1) The intake and transport of respiratory gasses via the act of breathing, which involves, respiratory (e.g. the diaphragm) and auxiliary (e.g. intercostal) muscles, sensory input systems, and coordination by the central nervous system, 2) The ventilation of the gas exchanging organs, i.e. the lungs and 3) Cellular respiration in mitochondria that provide Adenosine triphosphate (ATP) as the source of energy for use and storage at the cellular level. The oxygen needed for cellular respiration is obtained via inhalation, while carbon dioxide that is generated is removed from the body via exhalation. Carbon dioxide is formed intracellularly as a byproduct of metabolism, mainly by the Krebs cycle. Carbon dioxide is transported in the bloodstream to the lungs where it is ultimately removed from the body through exhalation. Carbon dioxide plays various roles in the human body including regulation of blood pH, respiratory drive, and affinity of hemoglobin for oxygen. Alveolar ventilation and cerebral blood flow are both predominantly regulated by arterial blood gases, especially arterial carbon dioxide partial pressure, and so are intricately entwined. Fluctuations in carbon dioxide levels are highly regulated and can cause disturbances in the human body if normal levels are not maintained.",Neuroscience,,,,"<a href=""https://doi.org/10.1007/s40122-020-00203-2 "" target=""_blank"">https://doi.org/10.1007/s40122-020-00203-2 </a>", , , ,David Mehler," David Mehler, Michael Lührs, Louisa Gossé, Marco Ferrari, Katharina Stute",Complete (agreement from at least 5 team members) 
Point of care testing (POCT),"Point of care testing refers to tests in which samples/data are collected, rapidly analyzed, and results reported in close spatial proximity to a patient. This is in contrast to a sample being sent off for a laboratory based test or a situation in which the patient must be transported, e.g., to an imaging suite. For instance, pulse oximetry is a use case of POCT that is routinely used in clinical practice. For brain related POCT NIRS applications, brain tissue oximetry is used as POCT during anesthesia, in intensive care or after neurosurgical interventions. ",Neuroscience,,,,"<a href="" https://doi.org/10.1136/bmj.322.7297.1285; https://doi.org/10.1053/j.jvca.2021.07.015"" target=""_blank""> https://doi.org/10.1136/bmj.322.7297.1285; https://doi.org/10.1053/j.jvca.2021.07.015</a>", , Oximetry, ,David Busch," David Mehler, Valentina Quaresima",Open for review
Prefrontal cortex,"Defined anatomically, it is the frontal part of the frontal lobe and the region of the cerebral cortex that receives projections from the mediodorsal nucleus of the thalamus. Functionally, the prefrontal cortex is predominantly involved in executive functioning, problem-solving, action planning, and ""top-down"" cognitive control. Recruitment of the prefrontal cortex is necessary for many cognitive functions including (but not limited to) working memory, inhibition, decision-making, sustained attention, emotion regulation, and perspective-taking.",Neuroscience,"frontal lobe; frontal cortex; executive functioning; cognitive control; dorsolateral prefrontal cortex; ventromedial prefrontal cortex; ventrolateral prefrontal cortex, medial prefrontal cortex, orbitofrontal cortex; Broca's area; ",PFC,,"<a href=""https://doi.org/10.1126/science.aan8868  https://doi.org/10.1016/B978-0-12-407815-4.00001-5  https://doi.org/10.3389/fneur.2018.00491   https://doi.org/10.1146/annurev.neuro.24.1.167  https://doi.org/10.1016/j.tins.2010.05.002 "" target=""_blank"">https://doi.org/10.1126/science.aan8868  https://doi.org/10.1016/B978-0-12-407815-4.00001-5  https://doi.org/10.3389/fneur.2018.00491   https://doi.org/10.1146/annurev.neuro.24.1.167  https://doi.org/10.1016/j.tins.2010.05.002 </a>", , , ,Kim Meidenbauer," Gregoire Vergotte, Beatrix Barth, Ann-Christine Ehlis, Ali Rahimpour Jounghani, Oliver Seidel-Marzi Chiara Bulgarelli, Lauren Emberson, Hadi Hosseini, Margaret Chojak, Judit Gervain", Complete (agreement from at least 5 team members)
Primary motor cortex,"It is a brain region that is located in the dorsal portion of the frontal lobe adjacent to the central sulcus. It has a strong somatotopic organization. It mediates voluntary movements of the limbs and trunk; it is called primary because it contains neurons that directly activate somatic motor neurons in the spinal cord. Complex sensory information is also sent to higher-order motor areas, located rostral to the primary motor cortex, where programs for movement, or potential movements, are calculated and conveyed to the primary motor cortex for implementation. Some of the motor areas in the frontal lobe also send commands directly to the spinal cord. Cells in the primary motor cortex influence neurons in the ventral horn of the spinal cord responsible for muscle movements, and thus the primary motor cortex is intimately associated with the motor system of the spinal cord. ",Neuroscience,Brodmann area 4,M1,primary motor,"E. Kandel. Principles of Neural Science, Fifth Edition. Principles of Neural Science. McGraw-Hill Education, 2013.<p></p><a href=""https://doi.org/10.1038/s41598-023-33780-1 https://doi.org/10.1016/j.jneumeth.2020.108790 
"" target=""_blank"">https://doi.org/10.1038/s41598-023-33780-1 https://doi.org/10.1016/j.jneumeth.2020.108790 
</a>", , , ,OntoNIRS," Gregoire Vergotte, Beatrix Barth, Lauren Emberson, Hadi Hosseini,  Margaret Chojak",Complete (agreement from at least 5 team members)
Resting-State Networks,"Resting state networks are a set of functional networks exhibited by the brain over its range of possible tasks, encompassing various spatially distinct neural systems, including the medial visual and lateral visual, auditory, somatosensory, motor, cerebellum, executive control, parietal memory, medial temporal lobe, salience,and frontoparietal or dorsal visual stream networks as well as the default mode network (DMN). These networks are constructed based on the signal fluctuations measured from the brain during rest and reflect the neuronal baseline of the brain, representing  the  state  of  the  human  brain  in  the  absence  of goal-directed neuronal action and external input. ",Neuroscience,"Resting-State Functional Connectivity (RSFC), Functional Connectome",RSN/RSNs,Reference(s): https://doi.org/10.1073/pnas.1007921107 ,"E. Kandel. Principles of Neural Science, Fifth Edition. Principles of Neural Science. McGraw-Hill Education, 2013.<p></p><a href=""https://doi.org/10.1038/s41598-023-33780-1 https://doi.org/10.1016/j.jneumeth.2020.108790 
"" target=""_blank"">https://doi.org/10.1038/s41598-023-33780-1 https://doi.org/10.1016/j.jneumeth.2020.108790 
</a>", , , ,Ishara Paranawithana," Margaret Chojak Agnes Kroczek, Hadi Hosseini, Aykut Eken, M. Atif Yaqub, Judit Gervain",Complete (agreement from at least 5 team members) 
Scalp,"The skin which covers the top of the head. Most of the scalp, except for the forehead, is usually covered by hair, which can affect optode-scalp coupling. Good coupling is fundamental to acquiring meaningful neuroimaging data with EEG and fNIRS.",Neuroscience,"Skull, Hair, Skin, Dura",,,"<a href=""National Cancer Institute. National Cancer Institute Thesaurus, 2017. Documentation page available on http://nciterms.nci.nih.gov."" target=""_blank"">National Cancer Institute. National Cancer Institute Thesaurus, 2017. Documentation page available on http://nciterms.nci.nih.gov.</a>", , , ,"OntoNIRS, Chiara Bulgarelli"," Ali Rahimpour Jounghani, Chiara Bulgarelli, Rob J MacLennan, Divya Jain Laura Diprossimo, Chia-Chuan Yu, Margaret CHojak, Ann-Christine Ehlis, Judit Gervain",Complete (agreement from at least 5 team members)
Scalp blood flow,"Scalp blood flow (subcutaneous blood flow) refers to the blood circulating in the network of blood vessels within the scalp. It is influenced by various factors including cardiac output, ambient temperature and activity of the autonomic nervous system. Scalp blood flow changes can be measured by a laser Doppler flowmeter. Scalp perfusion can change during the measurement thus representing an  extracerebral confounder in the fNIRS signal. Its interference can be minimized using short-separation channels sampling data from the scalp and regressing these out from the long-separation channels. ",Neuroscience,,,,"<a href=""https://doi.org/10.1016/j.neuroimage.2016.08.058 https://doi.org/10.1117/1.NPh.2.2.025005"" target=""_blank"">https://doi.org/10.1016/j.neuroimage.2016.08.058 https://doi.org/10.1117/1.NPh.2.2.025005</a><p></p><a href=""Seiyama A, Miura T, Sasaki Y, Okahashi S, Konishi N, Cassim M. Characterization of forehead blood flow bias on NIRS signals during neural activation with a verbal fluency task. Neurosci Res. 2023 Jan;186:43-50. doi: https://doi.org/10.1016/j.neures.2022.09.012
"" target=""_blank"">Seiyama A, Miura T, Sasaki Y, Okahashi S, Konishi N, Cassim M. Characterization of forehead blood flow bias on NIRS signals during neural activation with a verbal fluency task. Neurosci Res. 2023 Jan;186:43-50. doi: https://doi.org/10.1016/j.neures.2022.09.012
</a>", , , ,Ann-Christine Ehlis," Renato Orti, Rob J MacLennan, Paola Pinti, Louisa Gossé, Yoko Hoshi, Ann-Christine Ehlis",Complete (agreement from at least 5 team members)
Scalp‑cortex distance,"The scalp‑cortex distance refers to the distance between the cortex and the skin surface. The scalp-cortex distance on adults is about 15 mm. This distance can be influenced by various factors, including age, sex, and specific location on the scalp. For example, in children, this distance is typically smaller than in adults. Within an individual, the scalp-cortex distance may be greater in areas with larger volumes of cerebrospinal fluid or other intervening tissues.",Neuroscience,,SCD,,"<a href=""https://doi.org/10.4103/joacp.JOACP_395_19"" target=""_blank"">https://doi.org/10.4103/joacp.JOACP_395_19</a><p></p><a href=""https://doi.org/10.1016/j.neuroimage.2003.08.026
"" target=""_blank"">https://doi.org/10.1016/j.neuroimage.2003.08.026
</a>", , , ,"Valentina Quaresima, Michael Lührs"," Franziska Klein, Murat Can Mutlu, Heidrun Wabnitz, Michael Lührs, Louisa Gossé",Complete (agreement from at least 5 team members)
Skull,"The skull consists of flat or irregular bones that underlie the skin of the head. There are eight cranial bones that protect the brain and 14 facial bones. The bones of the skull develop separately but fuse together as they mature. Serrated joints/sutures are only present in the skull. Skull thickness varies with age, with adults displaying greater skull thickness compared to infants and young children. ",Neuroscience,"Hair, Scalp, Skin, Dura",,cranium,"L. Shaw. Anatomy and Physiology. Access to HE. Nelson Thornes, 2005.", , , ,OntoNIRS," Ali Rahimpour Jounghani, Christina Artemenko Chiara Bulgarelli, Rob J MacLennan, Divya Jain, Marco Ferrari",Complete (agreement from at least 5 team members)
Structural Connectivity,"Structural connectivity is the set of physical or structural (synaptic) connections linking neuronal units across the central nervous system. Structural connectivity data can range over multiple spatial scales, from local circuits to large-scale networks of inter-regional pathways.",Neuroscience,"Functional Connectivity (FC), Effective Connectivity (EC), Dynamic Functional Connectivity (dFC), Background functional connectivity (bFC)",SC,Anatomical Connectivity,"<a href=""https://doi.org/10.1016/j.tics.2004.07.008 "" target=""_blank"">https://doi.org/10.1016/j.tics.2004.07.008 </a>", , , ,Ishara Paranawithana," Gregoire Vergotte, Chiara Bulgarelli, Lauren Emberson, Laura Diprossimo, Margaret Chojak, Louisa Gossé",Complete (agreement from at least 5 team members)
Sulcus,"A groove, an inward fold in the surface of the cerebrum running between neighboring gyri.",Neuroscience,"gyrus, fissure, sulci",,,"M.F. Bear, B.W. Connors, and M.A. Paradiso. Neuroscience: Exploring the brain. Neuroscience: Exploring the Brain. Lippincott Williams & Wilkins, 2007.", , , ,OntoNIRS," Agnes Kroczek, Ali Rahimpour Jounghani, Rob J MacLennan, Divya Jain Laura Diprossimo, Aykut Eken, Judit Gervain",Complete (agreement from at least 5 team members)
Superficial tissue layer,"Superficial tissue layer is a layer of tissue superficial with respect to the tissue of interest. For instance, the scalp and meninges are superficial to the brain. For non-invasive diffuse optical measurements, the static or dynamic optical and physiological properties of the superficial tissue can contaminate or degrade the accuracy and precision of measurements obtained from the deep tissue of interest. ",Neuroscience,,,,"<a href=""https://doi.org/10.1117/1.NPh.2.3.035004 "" target=""_blank"">https://doi.org/10.1117/1.NPh.2.3.035004 </a>", , , ,David Busch," David Mehler, Marco Ferrari, Paola Pinti, Louisa Gossé, Katharina Stute",Complete (agreement from at least 5 team members)
Systemic low frequency oscillations,"Oscillations in fNIRS signals in the frequency range below the heart rate frequency (< $\\sim$ 1 Hz). They can be spontaneous and induced by the experimental paradigm. Their sources are multifaceted and include changes in blood volume, hemoglobin oxygenation and the vasculature itself. Physiological processes underlying these effects are for example changes in blood pressure, concentration of CO2 in the blood and activity changes of the autonomic nervous system. A particular oscillation in this frequency range is the Mayer wave oscillation at about 0.1 Hz. SLFOs are always present in fNIRS and fMRI recordings and need to be properly addressed in data analysis. In addition, SLFOs can be also analyzed to gain valuable physiological information. ",Neuroscience,"Physiological Noise, Systemic Activity, Preprocessing, Artifact Correction, Mayer wave, Blood pressure, Respiration",SLFO,,"<p></p><a href=""https://doi.org/10.1016/j.neuroimage.2003.11.025 https://doi.org/10.1016/j.neuroimage.2013.04.107 https://doi.org/10.1117/1.JBO.21.10.101410 
"" target=""_blank"">https://doi.org/10.1016/j.neuroimage.2003.11.025 https://doi.org/10.1016/j.neuroimage.2013.04.107 https://doi.org/10.1117/1.JBO.21.10.101410 
</a><p></p><a href=""https://doi.org/10.1038/srep17471
"" target=""_blank"">https://doi.org/10.1038/srep17471
</a><p></p><a href=""https://doi.org/10.1006/nimg.2000.0657
"" target=""_blank"">https://doi.org/10.1006/nimg.2000.0657
</a><p></p><a href=""https://doi.org/10.3389/fnhum.2015.00285;
"" target=""_blank"">https://doi.org/10.3389/fnhum.2015.00285;
</a><p></p><a href="" https://doi.org/10.3389/fnhum.2018.00505
"" target=""_blank""> https://doi.org/10.3389/fnhum.2018.00505
</a><p></p><a href=""https://doi.org/10.3389/fnins.2016.00313;
"" target=""_blank"">https://doi.org/10.3389/fnins.2016.00313;
</a><p></p><a href=""https://doi.org/10.3389/fnins.2019.00433;
"" target=""_blank"">https://doi.org/10.3389/fnins.2019.00433;
</a><p></p><a href=""https://doi.org/10.1177/0271678X17753329
"" target=""_blank"">https://doi.org/10.1177/0271678X17753329
</a>", , , ,Felix Scholkmann ," Margaret Chojak, Franziska Klein, Ali Rahimpour Jounghani Chiara Bulgarelli, Laura Diprossimo, Marco Ferrari",Complete (agreement from at least 5 team members)
Systemic Response,"The systemic response describes the response associated with the body's functions, such as heart rate, digestion, respiratory rate, etc., which are controlled by the autonomic nervous system. These functions change the volume of blood in tissue and affect hemodynamics globally. As a result, the near-infrared spectroscopy technique is sensitive to the regular fluctuations induced by a systemic response, which should be considered when interpreting optical measurements. Even though some of these functions have distinct frequency signatures, their slow components can overlap with neural and scalp hemodynamics and local vessel dynamics (e.g., vasomotion).",Neuroscience,,,,"<a href=""https://doi.org/10.1117/1.NPh.9.3.030801 "" target=""_blank"">https://doi.org/10.1117/1.NPh.9.3.030801 </a><p></p><a href=""https://doi.org/10.3389/fnins.2022.803297 
"" target=""_blank"">https://doi.org/10.3389/fnins.2022.803297 
</a><p></p><a href="" https://doi.org/10.1371/journal.pone.0050271
"" target=""_blank""> https://doi.org/10.1371/journal.pone.0050271
</a><p></p><a href=""https://doi.org/10.1016/j.neuroimage.2013.05.004 
"" target=""_blank"">https://doi.org/10.1016/j.neuroimage.2013.05.004 
</a><p></p><a href=""https://doi.org/10.1117/1.nph.3.3.031405 
"" target=""_blank"">https://doi.org/10.1117/1.nph.3.3.031405 
</a>", , , ,Rickson Mesquita," Margaret Chojak, Ali Rahimpour Jounghani, Divya Jain, Franziska Klein, M. Atif Yaqub",Complete (agreement from at least 5 team members)
Temporal lobe,"The region of the cerebrum lying under the temporal bone. The temporal lobe is concerned with hearing and (through its deep structures, the hippocampus and amygdaloid nuclei) with learning, memory, and emotions.   It also has a strong role in object / person identification and memory.",Neuroscience,,,"Frontal lobe, parietal lobe, occipital lobe","E. Kandel. Principles of Neural Science, Fifth Edition. Principles of Neural Science. McGraw-Hill Education, 2013."," the temporal lobe is a region of the brain that is located on the lower side of the cerebral cortex and is important for functions such as memory, language, perception, and emotion. It is bounded by the lateral sulcus on the lateral side and the parieto-occipital sulcus on the medial side, and includes several subregions, including the primary auditory cortex, the hippocampus, and the amygdala. The temporal lobe is involved in processing auditory information, forming and retrieving memories, processing emotions, and recognizing faces and objects.", , ,OntoNIRS,"Ali Rahimpour Jounghani , Chiara Bulgarelli, Hadi Hosseini, Laura Diprossimo; Antonia Hamilton",Complete (agreement from at least 5 team members) 
Topography,The term topography refers to the mapping of the changes in brain hemodynamics associated with neuronal activity onto the brain cortex or a specific surface. Topographic maps represent two-dimensional images generated by measuring the changes in the brain optical properties at multiple measurement sites (or channels) that can be used to localize where brain activity occurs in the regions probed by the fNIRS array.,Neuroscience,"Multichannel, Tomography",,,"<a href=""https://doi.org/10.1016/j.neuroimage.2012.03.049 "" target=""_blank"">https://doi.org/10.1016/j.neuroimage.2012.03.049 </a>"," The term topography can be understood in relation to two leading themes. The first concerns the topographical division of the brain. It is based on the developmental pattern of individual brain structures. For this reason, it is often called a developmental or ontogenetic division (from the Latin ontogenesis, which means personal development). In this division, the components of the brain are the primary brain follicles of the embryo. The advantages of this division are its precision and reference to the development of structures. Its disadvantages are the difficulty of remembering and discrepancy with the functional division. Sometimes structures belonging to two different secondary cerebral vesicles have similar functions. Another topic related to topology is the so-called topographic map of the brain, that is, the ordering of elements in the structure - in particular, the ordered spatial relationship between the distribution of nerve receptors in the corpus callosum area and the associated spread of neurons representing the same functions in the cortical areas of the brain. This is one of the key principles of brain organization, shaped throughout development. In theoretical models, spatial topography in connectivity is postulated to have the function of ensuring the fidelity of information transmission in the network. The topographical organization of connections also has the potential to generate complex abstract representations through topographical overlap.","developmental division, ontogenetic division, tomography", ,"Paola Pinti, Margaret Chojak (alternative definition)", Ali Rahimpour Jounghani,Open for review
Topology,"Topology refers to the way in which the components of the nervous system are arranged or related to each other, and can be modified in disease or developmental disorders. It is closely related to the functional network of neuronal connections in the brain and can be described using graph theory. Topology can be used to estimate properties of the network, such as resistance to attack and distance between connected nodes, and is studied through various experimental methods including structural and functional MRI, DTI, MEG, and EEG.",Neuroscience,,,,"<a href=""https://doi.org/10.1007/s00429-021-02435-0  "" target=""_blank"">https://doi.org/10.1007/s00429-021-02435-0  </a><p></p><a href=""https://doi.org/10.1038/s41598-020-74392-3  
"" target=""_blank"">https://doi.org/10.1038/s41598-020-74392-3  
</a><p></p><a href=""https://10.3389/fpsyt.2018.00704  
"" target=""_blank"">https://10.3389/fpsyt.2018.00704  
</a><p></p><a href=""https://doi.org/10.1016/j.dcn.2013.11.004.
"" target=""_blank"">https://doi.org/10.1016/j.dcn.2013.11.004.
</a><p></p><a href=""https://doi.org/10.1155/2020/8837615  
"" target=""_blank"">https://doi.org/10.1155/2020/8837615  
</a><p></p><a href=""https://doi.org/10.3389/fnins.2022.814477  
"" target=""_blank"">https://doi.org/10.3389/fnins.2022.814477  
</a><p></p><a href=""https://doi.org/10.1111/jcpp.12365 
"" target=""_blank"">https://doi.org/10.1111/jcpp.12365 
</a>", , , ,Margaret Chojak, Ali Rahimpour Jounghani,Open for review
Total hemoglobin,Total hemoglobin concentration ([tHb]) is defined as the sum of oxygenated and deoxygenated hemoglobin concentration [O2Hb] + [HHb]; sometimes referred as [HbT] or [HbTot]. [tHb] is measured only by frequency domain multidistance NIRS and Time-domain NIRS. Continuous wave instrumentations can measure total hemoglobin concentration changes ($\\delta$[tHb]) defined as the sum of oxygenated and deoxygenated hemoglobin concentration changes $\\delta$[O2Hb] + $\\delta$[HHb]; sometimes referred as $\\delta$[HbT] or $\\delta$[HbTot]. ,Neuroscience ,"Oxygenated Hemoglobin, Deoxygenated Hemoglobin, Total Hemoglobin ","tHb, HbT, HbTot, $$\delta$$[HbT]",,"<p></p><a href=""https://doi.org/10.1139/h04-031 
"" target=""_blank"">https://doi.org/10.1139/h04-031 
</a><p></p><a href=""https://doi.org/10.1117/1.nph.3.3.031405 
"" target=""_blank"">https://doi.org/10.1117/1.nph.3.3.031405 
</a>", , , ,Lenaic Borot," Franziska Klein, Murat Can Mutlu, Hanieh Zainodini, Jessica Gemignani, Margaret Chojak, Valentina Quaresima",Complete (agreement from at least 5 team members)
Post-stimulus Undershoot,Post-stimulus undershoot refers to the transient drop of the oxygenated hemoglobin signal below baseline level after the stimulation ends. It is subject to a range of physiological factors and is likely mostly driven by an increase in the cerebral metabolic rate of oxygen (CMRO$_2$). Other physiological factors that partly also contribute include post-arterial cerebral blood volume (CBV$_{pa}$) and cerebral blood flow post-stimulus undershoot (CBF-PSU). These are more dependent on the interplay of brain region and stimulus length and type. A default form of post-stimulus undershoot is modeled in the canonical hemodynamic response function for BOLD analyses. ,Neuroscience,"blood-oxygenation level-dependent (BOLD) post-stimulus undershoot, hemodynamic response, hemodynamic response function, cerebral metabolic rate of oxygen",,,"<a href=""https://doi.org/10.1016/j.neuroimage.2005.09.048;  https://doi.org/10.1016/j.mri.2005.12.034"" target=""_blank"">https://doi.org/10.1016/j.neuroimage.2005.09.048;  https://doi.org/10.1016/j.mri.2005.12.034</a><p></p><a href=""https://doi.org/10.1016%2Fj.neuroimage.2012.01.029 
"" target=""_blank"">https://doi.org/10.1016%2Fj.neuroimage.2012.01.029 
</a>", , , ,Laura Diprossimo," Ségolène Guérin, Beatrix Barth Chiara Bulgarelli, David Mehler, M. Atif Yaqub",Complete (agreement from at least 5 team members)
Vasodilation,"Vasodilation is the dilatation/opening of the blood vessels, resulting in increased blood flow and/or reduced resistance to blood flow.",Neuroscience,vasoconstriction,,,"M.F. Bear, B.W. Connors, and M.A. Paradiso. Neuroscience: Exploring the brain. Neuroscience: Exploring the Brain. Lippincott Williams & Wilkins, 2007.", , , ,Rob J MacLennan," Beatrix Barth, Agnes Kroczek, Rob J MacLennan, Divya Jain, Louisa Gossé",Complete (agreement from at least 5 team members)
Voxel,"A voxel is a term for an element of a three-dimensional space that corresponds to a pixel for a given slice thickness. It represents a single sample or data point on a regularly spaced three-dimensional grid and does not represent a volume. The position of a voxel is determined by its position relative to other voxels, and rendering systems do not encode the position with the values. Voxels are useful for representing regularly sampled spaces that are non-uniformly filled, but cannot effectively represent simple 3D structures with empty or uniformly filled space. The missing information between voxels can be reconstructed or approximated through interpolation.",Neuroscience,"Volume, pixel ",,,"M.F. Bear, B.W. Connors, and M.A. Paradiso. Neuroscience: Exploring the brain. Neuroscience: Exploring the Brain. Lippincott Williams & Wilkins, 2007.","Voxel is the 3D analog of pixels (the name is a contraction of volumetric pixel). Each voxel corresponds to a small cubic volume within space. At each voxel, a boolean is stored which indicates the presence or absence of the volume at that point. ", ,"N. Pears, Y. Liu, and P. Bunting. 3D Imaging, Analysis and Applications. SpringerLink : Bücher. Springer London, 2012. ","Margaret Chojak, Ali Rahimpour Jounghani; OntoNIRS (alternative definition)"," Gregoire Vergotte, Ali Rahimpour Jounghani, Chiara Bulgarelli, Divya Jain,Yoko Hoshi",Complete (agreement from at least 5 team members)
Absorption of Light,"Absorption is the transformation of the photon energy from electromagnetic radiation (such as visible or near-infrared light) into another form of internal energy by an atom or a molecule. In an absorbing medium, absorption reduces the amount of light as the light passes through the medium.",Physics,Light Intensity,,,"<a href=""https://doi.org/10.1036/1097-8542.001600"" target=""_blank"">https://doi.org/10.1036/1097-8542.001600</a>", ,, ,OntoNIRS," Rickson Mesquita, David Busch, Guy Perkins, Arjun Yodh, Stefan Carp",Complete (agreement from at least 5 team members)
Absorption coefficient,"The absorption coefficient of a medium, $\\mu_a$ is related to the probability of a photon to be absorbed by the medium after it travels some distance in the medium; more precisely, it is the rate of photon absorption per unit length in the medium. The absorption coefficient depends on medium composition and light wavelength. The inverse of the absorption coefficient, known as the absorption length, $l_a$ can be understood as the distance traveled by a photon before its probability of not being absorbed in the medium has decreased by $e^{-1}$. Quantitatively, the absorption coefficient can be related with the light intensity attenuation as it traverses the medium. Let $I$ represent the intensity at any point of the path, such that the differential intensity is $dI$, $dl$ a differential length along the path of the radiation. Then $\\frac{dI}{dl}=-mu_al$ , and the constant $\\mu_{a}$ is known as the absorption coefficient.",Physics,Absorption,$$\mu_a$$,,"<a href=""https://doi.org/10.1036/1097-8542.001600"" target=""_blank"">https://doi.org/10.1036/1097-8542.001600</a>"," At any given point in the path of radiation, the Absorption Coefficient determines the fractional reduction in intensity per unit length of the path.", , https://doi.org/10.1117/3.2624517,"Rickson Mesquita, Arjun Yodh, OntoNIRS"," David Busch, Musa Talati, Rickson Mesquita, Guy Perkins, Alessandro Torricelli, Arjun Yodh, Sergio Fantini, Stefan Carp",Complete (agreement from at least 5 team members)
Absorption spectrum,"Absorption spectrum describes the fraction of incident radiation that is absorbed by the material as a function of the wavelength, frequency, or photon energy of the incident light. When photons impinge on a medium, their transmission depends on a combination of reflectance, scattering and absorption. Absorption occurs at specific wavelengths, determined by the atomic or molecular properties (energy states) of the materials in the light path. ",Physics,"Absorption, Absorption coefficient",,,"<a href=""https://doi.org/10.1017/CBO9781139029797"" target=""_blank"">https://doi.org/10.1017/CBO9781139029797</a>", , , ,Jessica Gemignani," Musa Talati, Franziska Klein, Rickson Mesquita, Anna Exner, Valentina Quaresima, Arjun Yodh, Stefan Carp",Complete (agreement from at least 5 team members)
Anisotropy factor,"The anisotropy factor,g, is the average cosine of the scattering angle for a typical scattering event, i.e., $g=<\\cos \\theta>$. For example, if each scatter tends to scatter incident photons into the forward direction, then the anisotropy factor will be close to unity; if the scattering tends to be isotropic, then the factor will be close to zero. The anisotropy factor can also define single scattering events.",Physics,"Scattering phase function, Reduced scattering coefficient",g,Asymmetry factor,"<a href=""https://doi.org/10.1117/3.2624517"" target=""_blank"">https://doi.org/10.1117/3.2624517</a>", , , ,"Arjun Yodh, Alessandro Torricelli"," Rickson Mesquita, Anna Exner, Guy Perkins, Stefan Carp",Complete (agreement from at least 5 team members)
Arterial Oxygen Saturation,Fraction of functional hemoglobin in arterial blood that is saturated with oxygen. Oxygen saturation is normally expressed as a percentage (by multiplying the fraction by 100 %).,Physics,,SaO$$_2$$,,"ISO 80601-2-85:2021, 201.3.219", , , ,ISO 80601-2-85:2021," Heidrun Wabnitz, Guy Perkins",No review (ISO/IEC term)
Attenuation,"Attenuation of light refers to the reduction in the intensity of light as it travels through a medium. This loss is due to a number of factors. The light:1 . spreads out and suffers an inverse square law type reduction in intensity with distance
2 .is scattered away from its original direction, or
            3 . is absorbed in the medium.
In fNIRS, attenuation A in the tissue is expressed as

$A = A_{10} = -log_{10}\\frac{I}{I_0}$
where I is the transmitted intensity and $I_0$ I0 the input light intensity. $A_{10}$ A10 is sometimes termed optical density (OD).
Depending on the context, attenuation can also be defined via the natural logarithm of the ratio of intensities:

$A_e = -log_e (\\frac{I}{I_0} = log_e 10 \\cdot A_{10} = 2.303 \\cdot A_{10}$
According to the modified Beer-Lambert Law, changes in attenuation are related to changes in the absorption coefficient $\\mu_a$ µa of the tissue


$\\Delta A_e = \\Delta \\mu_a L$
$\\Delta A_{10} = \\frac{ \\Delta \\mu_a L}{log_e 10} = \\frac{\\Delta \\mu_a L}{2.303}$
where L is the mean pathlength. On the other hand, the contributions of oxy- ($HbO_2$) and deoxyhemoglobin ($Hb$) to the (wavelength-dependent) attenuation change are
$ \\Delta A_{10}(\\lambda) = \\epsilon_{HbO_2}(\\lambda)\\Delta c_{HbO_2} \\cdot L + \\epsilon_{Hb}(\\lambda) \\Delta c_{Hb} \\cdot L  $

Based on measurements of  $\\Delta A$ at two or more wavelengths, the resultant system of equations can be solved for the concentration changes of oxy- and deoxyhemoglobin. Note that the oxy- and deoxyhemoglobin absorption spectra in literature are usually provided in terms of $\\epsilon$ , the molar decadic absorption coefficient (unit: L mol$^{-1}$  -1 cm$^{-1}$  -1 or M$^{-1}$-1 cm$^{-1}$-1). 
",Physics,"Absorption, Scattering, Extinction, Optical Density, Modified Beer-Lambert Law",A,,"<p></p>J.A. Pope. Medical Physics: Imaging. Heinemann advanced science. Pearson Education, 1999. 
<p></p>
<p></p><a href=""https://archive.org/details/medicalphysicsim0000pope
"" target=""_blank"">https://archive.org/details/medicalphysicsim0000pope
</a><p></p>
<p></p><a href=""http://doi.org/10.1088/0031-9155/33/12/008
"" target=""_blank"">http://doi.org/10.1088/0031-9155/33/12/008
</a><p></p>
<p></p><a href=""https://doi.org/10.1351/goldbook.A00028 
"" target=""_blank"">https://doi.org/10.1351/goldbook.A00028 
</a>", , , ,"Heidrun Wabnitz, OntoNIRS"," Musa Talati, Rickson Mesquita, Anna Exner, Guy Perkins, Arjun Yodh, Heidrun Wabnitz, Ilias Tachtsidis, Stefan Carp, Meryem Ayşe Yücel",Complete (agreement from at least 5 team members)
Beer-Lambert Law,"Beer-Lambert Law is the linear relationship between absorbance of electromagnetic radiation and the concentration of an absorber in the medium through which the radiation travels. The general Beer-Lambert Law would be: $ A = \\epsilon_lambda \\cdot c \\cdot d $
where A is the measured absorbance (i.e. $ -log_{10}\\frac{I}{I_0}$, I is the intensity of the measured light and $I_0$ is the intensity of the incident light), $\\epsilon_{\\lambda}$ is the wavelength-dependent molar (decadic) absorption coefficient (formerly molar decadic extinction coefficient) with units of $M^{-1}cm^{-1}$ , c is the concentration of the absorber ($M^{-1}$) and d is the pathlength of light (cm). Please note that the subscript $\\lambda$ is often dropped with the understanding that the value for $\\epsilon$ is for a specific wavelength.
",Physics,"modified Beer Lambert law, optical density, molar absorption coefficient",BLL,Beer-Lambert-Bouguer Law," <p></p><a href=""https://doi.org/10.1002/cphc.202000464
"" target=""_blank"">https://doi.org/10.1002/cphc.202000464
</a><p></p><a href=""https://doi.org/10.1017/CBO9781139029797
"" target=""_blank"">https://doi.org/10.1017/CBO9781139029797
</a>", , , ,OntoNIRS,"Franziska Klein, Rickson Mesquita, Guy Perkins, Marco Ferrari, Valentina Quaresima, Turgut Durduran, Alessandro Torricelli, Arjun Yodh, Stefan Carp, Heidrun Wabnitz, Meryem Ayşe Yücel",Complete (agreement from at least 5 team members)
Coherent Hemodynamics Spectroscopy,"Coherent Hemodynamics Spectroscopy (CHS) is a method for collecting physiological information from the local cerebral response to systemic blood pressure changes or functional activation. CHS is based on the analysis of  cerebral hemodynamic oscillations that are either induced or occur spontaneously at multiple frequencies, and that are measured with NIRS. Data are analyzed using a hemodynamic model, which enables extraction of physiological information, including blood transit times in the microvasculature and the autoregulation cutoff frequency. CHS is particularly promising for clinical applications in populations that show impairment in these functions, e.g. diabetes, Parkinson’s disease, and stroke. ",Physics,,CHS,,"<p></p><a href=""https://doi.org/10.1016/j.neuroimage.2013.03.037
"" target=""_blank"">https://doi.org/10.1016/j.neuroimage.2013.03.037
</a><p></p><a href=""https://doi.org/10.1016/j.neuroimage.2013.03.065 https://doi.org/10.1364%2FBOE.5.003403
"" target=""_blank"">https://doi.org/10.1016/j.neuroimage.2013.03.065 https://doi.org/10.1364%2FBOE.5.003403
</a>", , , ,David Mehler," Franziska Klein, Talukdar Raian Ferdous, Guy Perkins, Arjun Yodh, Sergio Fantini, Stefan Carp",Complete (agreement from at least 5 team members)
Concentration,"Concentration is the amount of a pure substance (solute) of interest within the amount of the whole substance (solution), and can be quantified as:$ C = \\frac{Amount of solute}{Amount of solution}$
Concentration can be expressed in several ways. For example, molarity is a way of expressing concentration relating the number of particles of solute (expressed in moles) and the volume of the solution (expressed in liters). The unit of molarity is $moles/liter$, sometimes denoted by molar or M. Within fNIRS it is common to see changes in concentration expressed in square brackets, such as [$HbO_2$]. 

Others include mass, number or volume concentration referring to the relation of the mass, the number of entities or the volume of the solute and the volume of the solution.
",Physics,,"$$\rho$$, c, [X] (where X represents the molecule)",,"<p></p><a href=""https://goldbook.iupac.org/terms/view/A00295 
"" target=""_blank"">https://goldbook.iupac.org/terms/view/A00295 
</a><p></p><a href=""https://doi.org/10.1351/goldbook.A00295
"" target=""_blank"">https://doi.org/10.1351/goldbook.A00295
</a>", , , ,"OntoNIRS, Rickson Mesquita","Rickson Mesquita, Anna Exner, Guy Perkins, Heidrun Wabnitz, Ilias Tachtsidis, Stefan Carp",Complete (agreement from at least 5 team members) 
Continuous-wave spectroscopy,"Continuous wave (CW) spectroscopy is an fNIRS technique in which light of constant intensity is injected into tissue, and then the attenuated light signal is measured at a distance from the light source. Note, in practice all sources are switched off/on on some timescale; when the on/off time is long compared to relaxation/equilibrium in the sample, then such sources are considered to be continuous from the physics point of view. ",Physics,"Frequency Domain Spectroscopy, Time Domain fNIRS","CWS, CW-NIRS, CW-DOS",continuous-wave spectroscopy,"T. Jue and K. Masuda. Application of Near Infrared Spectroscopy in Biomedicine. Handbook of Modern Biophysics. Springer US, 2013.","A technique that involves sending near-infrared light at a constant intensity into the tissue and measuring only the intensity of the re-emerging (i.e., diffusely reflected or transmitted) light.", , ,"OntoNIRS, Edgar Guevara (alternative definition)"," Franziska Klein, David Busch, Rickson Mesquita, Nick Ross, Guy Perkins, Turgut Durduran, Arjun Yodh, Stefan Carp",Complete (agreement from at least 5 team members) 
Cross-talk,"By cross-talk we mean to describe the phenomena that a genuine change in one chromophore concentration is also inducing a spurious measured concentration change in another. This phenomena can also apply to cross-talk between changes in the absorption and scattering coefficient.

In the context of the hardware, cross-talk can also be applied in the context of physical measurement of light, where a direct measurement between a single source and detector can be contaminated by other sources of light. This is usually mitigated by the use of time multiplexing or frequency multiplexing. When utilizing silicon photomultipliers for photodetection, optical cross-talk may occur when an incident photon hits a microcell. This initial discharge can cause additional discharges in adjacent microcells, leading to an undesired amplification of the signal output.
",Physics,,,Signal crosstalk,"<p></p><a href=""https://doi.org/10.1016/j.neuroimage.2004.02.023
"" target=""_blank"">https://doi.org/10.1016/j.neuroimage.2004.02.023
</a><p></p><a href=""https://doi.org/10.1117/1.nph.3.3.031405
"" target=""_blank"">https://doi.org/10.1117/1.nph.3.3.031405
</a>", , , ,Rickson Mesquita,"Guy Perkins, Nicholas A. Ross ",Status: Complete (agreement from < 5 team members) 
Depth sensitivity,"In the context of fNIRS, which typically uses an array of measurement optodes on the scalp to measure the brain activity, depth sensitivity refers to its ability to detect localized changes in deep tissue optical properties. ‘Depth’ is typically measured normal to the surface of the skin. Sensitivity to depth depends on multiple factors in the instrumentation (e.g., illumination strength, detector efficiency, source-detector separation, data type), and tissue optical properties (e.g. chromophore concentration). It is crucial to note here that there is no singular depth being probed by fNIRS but rather it has a continuous distribution over the probed tissue volume which can change with time and with optical properties. Typically the longer the distance between the source and detector across the surface of the measurement body (scalp, phantom etc.), the deeper the depth sensitivity. ",Physics,,,,"<a href=""https://doi.org/10.1088/0034-4885/73/7/076701"" target=""_blank"">https://doi.org/10.1088/0034-4885/73/7/076701</a><p></p><a href=""https://doi.org/10.1364/ao.36.000075
"" target=""_blank"">https://doi.org/10.1364/ao.36.000075
</a><p></p><a href=""https://doi.org/10.1117/1.JBO.26.5.056003
"" target=""_blank"">https://doi.org/10.1117/1.JBO.26.5.056003
</a>", , , ,David Busch," David Busch, Rickson Mesquita, Guy Perkins, Turgut Durduran, Alessandro Torricelli, Arjun Yodh, Stefan Carp",Complete (agreement from at least 5 team members)
Differential path length factor,"The differential path length factor (DPF) is a unitless factor that accounts for the differential pathlength of photon travel in human tissue. The DPF is calculated by dividing the mean optical pathlength by the distance between the emitter and detector. The DPF depends on age, gender, and wavelength. ",Physics,"Source-detector separation distance, Modified Beer Lambert law, Differential path length, Partial pathlength factor. ",DPF,,"<p></p><a href=""https://doi: 10.3389/fninf.2018.00037
"" target=""_blank"">https://doi: 10.3389/fninf.2018.00037
</a><p></p><a href=""https://doi.org/10.1016/j.neuroimage.2013.05.004
"" target=""_blank"">https://doi.org/10.1016/j.neuroimage.2013.05.004
</a><p></p><a href=""https://doi.org/10.1088/0031-9155/33/12/008
"" target=""_blank"">https://doi.org/10.1088/0031-9155/33/12/008
</a>", , , ,"Rickson Mesquita, Hanieh Zainodini"," Franziska Klein, David Busch, Rickson Mesquita, Guy Perkins, Heidrun Wabnitz, Ilias Tachtsidis, Stefan Carp",Complete (agreement from at least 5 team members)
Diffraction,"A behavior characteristic of all waves; the phenomenon wherein waves change their direction/bend around sharp corners, or spread out after traveling through narrow apertures. The aperture width must be on the same order of magnitude of the wavelength for diffraction to occur. Diffraction is used in optical spectrometers to separate light into its component wavelengths and to measure the associated light for each wavelength.",Physics,,,,"<p></p><a href=""https://doi.org/10.1007/978-3-030-44146-3_7
"" target=""_blank"">https://doi.org/10.1007/978-3-030-44146-3_7
</a>", , , ,"Edgar Guevara, Rickson Mesquita"," Musa Talati, Rickson Mesquita, Guy Perkins, Arjun Yodh, Stefan Carp",Complete (agreement from at least 5 team members)
Diffusion Approximation,"A set of simplifying physical assumptions that enable one to derive the Diffusion Equation from the Radiative Transport Equation. The diffusion approximation makes several assumptions about photon transport in tissue: (1) the scattering coefficient is much higher than the absorption coefficient; (2) the fluence rate is significantly larger than the photon flux; (3) the light source is isotropic; (4) the scattering angle of a scattering event in tissue does not depend on the incident angle, and; (5) the rate of change of the photon flux is very slow, which requires that the time scale of source modulation is much longer than the time between photon scattering events. As a result of the diffusion approximation, the modeling of light transport in highly scattering media is drastically simplified, which allows the derivation of analytical solutions to the problem and, therefore, a valuable and powerful tool for analyzing light distribution in tissues. Most tissues satisfy these assumptions, although even in these cases some of the assumptions may fail either too close to boundaries or too near sources. ",Physics,"Diffusion Equation, Radiative Transport Equation, photon fluence, photon flux",DA,,"<p></p><a href=""https://doi.org/10.1117/3.2624517
"" target=""_blank"">https://doi.org/10.1117/3.2624517
</a><p></p><a href=""https://doi.org/10.1088/0266-5611/25/12/123010
"" target=""_blank"">https://doi.org/10.1088/0266-5611/25/12/123010
</a><p></p><a href=""https://doi.org/10.3254/978-1-60750-755-0-51
"" target=""_blank"">https://doi.org/10.3254/978-1-60750-755-0-51
</a><p></p>
<p></p><a href=""https://doi.org/10.1088/0266-5611/15/2/022
"" target=""_blank"">https://doi.org/10.1088/0266-5611/15/2/022
</a><p></p>Alternative definition:
", ,, ,"Alessandro Torricelli, Rickson Mesquita"," Anna Exner, Rickson Mesquita, Guy Perkins, Turgut Durduran, Arjun Yodh, Stefan Carp",Complete (agreement from at least 5 team members)
Diffuse Correlation Spectroscopy,"Diffuse Correlation Spectroscopy (DCS) uses the temporal fluctuations of speckles formed on the tissue surface by coherent light  to derive metrics for the motion of scatterers in highly scattering media such as blood cells flowing in tissue vasculature. The DCS technique was formulated based on the correlation diffusion equation; it is formally equivalent to the technique (formulated as an integral equation rather than a differential equation) called diffuse wave spectroscopy (DWS).  In the diffuse optics community the term DWS sometimes implied absorption spectroscopy, hence the term DCS was introduced to reduce terminology confusion. The word ""correlation"" in the name is connected with the fact that canonical DCS uses the auto-correlation function of the intensity fluctuations as its primary measured quantity. 
Apart from the usual optical properties (absorption and reduced scattering coefficients), the DCS signal (decay of the measured curve) in tissue is dominated by the movement of red blood cells which permits DCS to estimate a blood flow index. Standard DCS measures the autocorrelation function and fits these measurements to solutions of the correlation diffusion equation for the appropriate geometry and boundary conditions. DCS is closely related to the other speckle correlation techniques such as interferometric DCS and DWS (iDCS/iDWS), Speckle Contrast Optical Spectroscopy and Tomography (SCOS/SCOT), Laser Speckle Contrast Imaging (LSCI), and Diffuse Correlation Tomography (DCT). Other implementations of DCS have been described in the literature.
",Physics,,DCS,Diffuse Wave Spectroscopy (DWS) ,"<p></p><a href=""https://doi.org/10.1103/PhysRevLett.75.1855
"" target=""_blank"">https://doi.org/10.1103/PhysRevLett.75.1855
</a><p></p><a href=""https://doi.org/10.1364/JOSAA.14.000192
"" target=""_blank"">https://doi.org/10.1364/JOSAA.14.000192
</a><p></p><a href=""https://doi.org/10.1016/j.neuroimage.2013.06.017
"" target=""_blank"">https://doi.org/10.1016/j.neuroimage.2013.06.017
</a><p></p><a href=""https://doi.org/10.1117/1.NPh.10.1.013509
"" target=""_blank"">https://doi.org/10.1117/1.NPh.10.1.013509
</a><p></p><a href=""https://doi.org/10.1098/rsta.2011.0232
"" target=""_blank"">https://doi.org/10.1098/rsta.2011.0232
</a>"," Diffuse Correlation Spectroscopy (DCS) uses the fluctuation statistics of diffuse, coherent  light to measure microvascular blood flow in tissues.", , ,"Arjun Yodh, Turgut Durduran"," Franziska Klein, David Mehler, Rickson Mesquita, Michael Lührs, Stefan Carp",Complete (agreement from at least 5 team members) 
Diffuse Optical Imaging,"Diffuse Optical Imaging (DOI) measures multiple scattered light and inverts this data to spatially resolve optical properties of a diffuse medium, generally by utilizing a reconstruction algorithm. Optical properties, in turn, are used to compute physiological parameters (e.g., hemoglobin concentration). Diffuse optical imaging covers both Diffuse Optical Topography (reconstruction in 2D), and Diffuse Optical Tomography (reconstruction in 3D). ",Physics,"Diffuse Optical Tomography, Optical Tomography, High Density Diffuse Optical Tomography, Functional Near Infrared Spectroscopy",DOI,,"<p></p><a href=""https://doi.org/10.1088/0031-9155/50/4/r01
"" target=""_blank"">https://doi.org/10.1088/0031-9155/50/4/r01
</a><p></p><a href=""https://doi.org/10.1364/boe.467614
"" target=""_blank"">https://doi.org/10.1364/boe.467614
</a>"," Diffuse Correlation Spectroscopy (DCS) uses the fluctuation statistics of diffuse, coherent  light to measure microvascular blood flow in tissues.", , ,David Busch," David Busch, Franziska Klein, Musa Talati, Guy Perkins, Rickson Mesquita, Arjun Yodh, Heidrun Wabnitz, Ilias Tachtsidis, Stefan Carp, Meryem Ayse Yucel",Complete (agreement from at least 5 team members) 
Dynamic range,"The dynamic range of a given quantity is the ratio between the largest and the smallest value it can assume. In the context of NIRS devices, it often describes the range of the device operation (i.e., the range between the saturation level and the noise level). It is often further limited to the linear range between these two extremes.",Physics,Saturation,"DR, DNR",,"<p></p><a href=""https://doi.org/10.1117/1.2363365
"" target=""_blank"">https://doi.org/10.1117/1.2363365
</a>", , , ,"OntoNIRS, Rickson Mesquita"," Anna Exner, Rickson Mesquita, Musa Talati, Guy Perkins, Turgut Durduran, Arjun Yodh, Stefan Carp",Complete (agreement from at least 5 team members)
Electrical Field Temporal Autocorrelation Function,"The unnormalized Electric Field Temporal Autocorrelation function ($G_1$) is the temporal autocorrelation function of the electric field traversing the scattering medium or (more typically) emitted/scattered from the medium. It is a key function used in the analysis of data from measurements implementing diffuse correlation spectroscopy (DCS) and related methods that utilize laser speckle statistics. $G_1$ is modeled by the correlation diffusion equation and its normalized form, $g_1$, is used to fit the measured data.It can be written as $G_1(\\bf{r}, \\tau,t) = < E (\\bf{r},t) E^* (\\bf{r},\\tau+t)>$. In a typical experiment, it is derived from the normalized intensity autocorrelation function ($g_2$) that is often the main measured quantity in DCS by relying on the so-called ""Siegert relation"".  The Siegert relationship between intensity based autocorrelation function ($g_2$) and electric field temporal autocorrelation $(g_1)$ is 
$g_2 (\\tau) = 1 + \\beta |g_1(\\tau)| 2$
",Physics," Intensity Temporal Autocorrelation (G2), Diffuse Correlation Spectroscopy",G1,Normalized Electric Field Temporal Autocorrelation (g1),"<p></p><a href=""	https://doi.org/10.1364/JOSAA.14.000192
"" target=""_blank"">	https://doi.org/10.1364/JOSAA.14.000192
</a><p></p><a href=""https://doi.org/10.1103/PhysRevLett.75.1855
"" target=""_blank"">https://doi.org/10.1103/PhysRevLett.75.1855
</a><p></p><a href=""https://doi.org/10.1016/j.neuroimage.2013.06.017
"" target=""_blank"">https://doi.org/10.1016/j.neuroimage.2013.06.017
</a><p></p><a href=""https://doi.org/10.1088/0034-4885/73/7/076701
"" target=""_blank"">https://doi.org/10.1088/0034-4885/73/7/076701
</a>", , , ,"Turgut Durduran, Arjun Yodh"," Aykut Eken, David Busch , Franziska Klein, Rickson Mesquita, Stefan Carp",Complete (agreement from at least 5 team members) 
Event-related optical signal,"Event-related optical signals (EROS) arise from the changes in optical scattering that occur when the neurons become hyperpolarized or depolarised during brain activity. They can be measured from the scalp using NIRS and they are more closely related to neuronal activity than the hemodynamic responses. In fact, the localized brain response is within milliseconds in terms of temporal resolution and in the sub-centimetre range for spatial resolution. The NIRS device must have a sampling rate of at least 100 Hz sampling rate and/or be capable of quantifying scattering changes. Typically these measurements have been difficult to reproduce and are not widely used.",Physics,"infrared light scattering, Fast Optical Signal",EROS,,"<p></p><a href=""https://doi.org/10.3758/BF03208834
"" target=""_blank"">https://doi.org/10.3758/BF03208834
</a><p></p>
<p></p><a href=""https://doi.org/10.3389/fnhum.2010.00052
"" target=""_blank"">https://doi.org/10.3389/fnhum.2010.00052
</a>", , , ,"David Moreau, Paola Pinti"," Mahmoud Elsherif; Haiyan Kong, Murat Can Mutlu, Paola Pinti, Guy Perkins, Stefan Carp",Complete (agreement from at least 5 team members) 
Fast Optical Signal,"Fast optical signal (FOS) (also known as Event-related optical signal (EROS) for the time-locked to particular events) is the signal measured on a time scale ~100ms and it is thought to be related to scattering changes due to neuronal activity: when neurons pass from an inactive state to a hyperpolarized or depolarised state, they cause a change in the scattering of the tissue. FOS are more closely related to neuronal activity than the hemodynamic response.",Physics,EROS (Event-related Optical Signal),FOS,,"<p></p><a href=""https://doi.org/10.3389/fnhum.2010.00052
"" target=""_blank"">https://doi.org/10.3389/fnhum.2010.00052
</a><p></p><a href=""https://doi.org/10.1016/j.neuroimage.2005.03.006
"" target=""_blank"">https://doi.org/10.1016/j.neuroimage.2005.03.006
</a><p></p><a href=""https://doi.org/10.1162/jocn.1995.7.4.446
"" target=""_blank"">https://doi.org/10.1162/jocn.1995.7.4.446
</a><p></p><a href=""https://doi.org/10.1016/j.neuroimage.2010.02.076
"" target=""_blank"">https://doi.org/10.1016/j.neuroimage.2010.02.076
</a>", , , ,"Aykut Eken, Paola Pinti, Guy Perkins"," Paola Pinti, Rickson Mesquita, Stefan Carp",Complete (agreement from at least 5 team members)
Fluence,The fluence represents the (optical) energy delivered per unit area over a time interval from all directions about a given point within a turbid medium. The fluence is proportional to the number of photons in the unit volume regardless of their direction of motion.,Physics,Light intensity,$$phi$$,,"<p></p><a href=""https://doi.org/10.1017/CBO9781139029797
"" target=""_blank"">https://doi.org/10.1017/CBO9781139029797
</a><p></p><a href=""https://doi.org/10.1002/cnm.1162
"" target=""_blank"">https://doi.org/10.1002/cnm.1162
</a><p></p><a href=""https://doi.org/10.1117/3.2624517
"" target=""_blank"">https://doi.org/10.1117/3.2624517
</a>", , , ,Rickson Mesquita," Guy Perkins, Stefan Carp, David Busch, Alessandro Torricelli",Complete (agreement from at least 5 team members) l
Frequency,"The frequency of a periodic event is the number of repetitions per second. Frequency is measured in Hertz (Hz), a frequency of n Hz indicates that a periodic cycle has repeated itself n times per second.",Physics,,f,,"<p></p><a href=""https://doi.org/10.1017/CBO9781139029797
"" target=""_blank"">https://doi.org/10.1017/CBO9781139029797
</a>", , , ,OntoNIRS," Anna Exner, Guy Perkins, Rickson Mesquita, Stefan Carp",Complete (agreement from at least 5 team members) 
Frequency-domain near-infrared spectroscopy,"Frequency-domain near-infrared spectroscopy (FD-NIRS) is an fNIRS technique that sinusoidally modulates a near-infrared light source at a given frequency into tissue, and detects the phase shift as well as the attenuation in amplitude with the aim of estimating the absorption and scattering coefficients of the medium. The modulation frequency needs to be higher than the shift induced by the time of light propagation inside the medium (on the order of nanoseconds), which depends on the light speed in the medium. Usually this is on the order of 100 MHz. FD spectroscopy can vary the modulation frequency (Multi-Frequency FD) and measures the amplitude attenuation and phase shift at different frequencies. In some cases, it is possible to measure attenuation and phase at one single frequency and use modeling assumptions to estimate the absorption and scattering coefficients and in turn, quantify chromophore concentrations.",Physics,,"FD-DOS, FD-NIRS","Frequency-domain spectroscopy, Frequency-domain diffuse optical spectroscopy","<p></p><a href=""https://doi.org/10.1017/CBO9781139029797
"" target=""_blank"">https://doi.org/10.1017/CBO9781139029797
</a>", , , ,Nick Ross," Guy Perkins, Rickson Mesquita, Nick Ross, Heidrun Wabnitz, Stefan Carp",Complete (agreement from at least 5 team members)
Frequency Range,"Frequency range refers to an interval defined by lower and upper frequency values. A system, whether biological or electronic, either produces or responds to signals, which generally consist of a great number of components with different frequencies. Therefore, the term also refers to the set of signals that are significant for a system or that a system can detect and generate a non-negligible, consistent response against (e.g., human ear can detect sounds within a window of 20 Hz - 20 kHz) or that can be consistently produced by a system (e.g., oscillators). fNIRS can measure several frequency ranges of physiological interest, such as heart rate, respiration, low-frequency oscillations (typically associated with functional connectivity), and the hemodynamic response related with the neural activity.",Physics,Frequency,,,"<p></p><a href=""	https://doi.org/10.1117/1.NPh.8.1.012101 
"" target=""_blank"">	https://doi.org/10.1117/1.NPh.8.1.012101 
</a>", , , ,Murat Can Mutlu," Rickson Mesquita, Guy Perkins, Stefan Carp, Anna Exner, Alessandro Torricelli ",Complete (agreement from at least 5 team members) 
Functional Near-Infrared Spectroscopy,"Functional near-infrared spectroscopy (fNIRS) is a non-invasive diffuse optical technique that quantifies changes in measured signals from a single or several source-detector pairs over short periods of time (ranging from seconds to hours) in order to detect functional brain activation. Typically, it is assumed that the changes in light intensity during this temporal range reflect changes in absorption only (i.e., scattering is constant during this period). The changes in absorption can then be related to changes in chromophore concentration such as oxy- and deoxy-hemoglobin, water, and cytochrome c oxidase. fNIRS is performed with continuous-wave spectroscopy devices, as well as frequency-domain and time-domain spectroscopy techniques. In the case of frequency-domain and time-domain systems, it is possible to obtain absolute parameters of optical properties and therefore absolute concentration changes, but this is less commonly performed. 
fNIRS measurements with multiple measurement channels may use image reconstruction methods, which when done for 2D (topographic) or 3D (tomographic) images falls into the domain of diffuse optical imaging.
",Physics,"Light absorption, light source, light detectors, continuous wave spectroscopy, infrared spectroscopy",fNIRS,," <p></p><a href=""	https://doi.org/10.1016/j.neuroimage.2012.03.049
"" target=""_blank"">	https://doi.org/10.1016/j.neuroimage.2012.03.049
</a><p></p><a href=""https://doi.org/10.1016/j.neuroimage.2013.11.033
"" target=""_blank"">https://doi.org/10.1016/j.neuroimage.2013.11.033
</a>", , Diffuse Optical Imaging, ,"Talukdar Raian Ferdous, Guy Perkins"," Rickson Mesquita, Musa Talati, Guy Perkins, Heidrun Wabnitz, Ilias Tachtsidis, Stefan Carp, Meryem Ayse Yucel, Katharina Stute",Complete (agreement from at least 5 team members)
Illumination,"The term illumination refers to the act of applying light (near-infrared light, 650–950 nm) over an area of interest (such as the individual’s head) using light sources directly or through wave guides (optical fibers). The source of illumination can be a thermal lamp, a light amplification by stimulated emission of radiation (LASER), or a light-emitting diode (LED).",Physics,"Infrared light, Source, Emitter",,,"<p></p><a href=""https://doi.org/10.3389/fnhum.2014.00549
"" target=""_blank"">https://doi.org/10.3389/fnhum.2014.00549
</a><p></p>
<p></p><a href=""https://doi.org/10.1017/CBO9781139029797
"" target=""_blank"">https://doi.org/10.1017/CBO9781139029797
</a>", , , ,Ségolène Guérin," Talukdar Raian Ferdous, David Mehler, Rickson Mesquita, Renato Orti, Katharina Stute, Stefan Carp",Complete (agreement from at least 5 team members)
Intensity Temporal Autocorrelation (G2),"Intensity Temporal Autocorrelation ($G_2$) or its normalized form, ""Normalized Intensity Temporal Autocorrelation ($g_2$)"",  is the most commonly measured quantity in Diffuse Correlation Spectroscopy (DCS) measurements.  Normalized Electric Field Autocorrelation function is often derived from $g_2$ using the so-called ""Siegert Relation"" which is used to fit DCS data. In Siegert relation, the relationship between $g_2(\\tau)$ and $g_1(\\tau)$ is; $ g_2(\\tau) = 1 + \\beta |g_1 (\\tau) |^2 $ . In this equation, $\\beta$ is an experimental factor which is equal to 1 for an ideal experimental design.Its formal definition is $G_2 ({\\bf{r},\\tau,t) = <I(\\bf{r}, t) I(\\bf{r}, t + \\tau)>$ where $\\bf{r}$ is the source-detector separation/position, $\\tau$ is the delay time in the autocorrelation, $t$ is time and $<...>$ indicate ensemble averages.
",Physics,"Electric Field Temporal Autocorrelation Function, Diffuse Correlation Spectroscopy",$$G_2$$,Normalized Intensity Temporal Autocorrelation (g2),"<p></p><a href=""https://doi.org/10.1364/JOSAA.14.000192
"" target=""_blank"">https://doi.org/10.1364/JOSAA.14.000192
</a><p></p><a href=""https://doi.org/10.1103/PhysRevLett.75.1855
"" target=""_blank"">https://doi.org/10.1103/PhysRevLett.75.1855
</a><p></p><a href=""https://doi.org/10.1016/j.neuroimage.2013.06.017
"" target=""_blank"">https://doi.org/10.1016/j.neuroimage.2013.06.017
</a><p></p><a href=""https://doi.org/10.1088/0034-4885/73/7/076701 
"" target=""_blank"">https://doi.org/10.1088/0034-4885/73/7/076701 
</a>", , , ,Turgut Durduran," Rickson Mesquita, Aykut Eken, Guy Perkins, Stefan Carp",Complete (agreement from at least 5 team members) 
Interferometric near-infrared spectroscopy (iNIRS),"A time-of-flight (TOF) resolved sensing technique used to identify the optical and dynamical characteristics of a turbid medium. This is measured by the interference pattern from the spectrum of light traversing the medium with a rapidly tunable or frequency-swept light source. The performance of the iNIRS system depends on the spectral and tuning parameters of the light source, with the spectral linewidth determining the TOF range, while the bandwidth determines the TOF resolution.",Experimental Design,,iNIRS,,"<p></p><a href=""https://doi.org/10.1364/OE.24.000329
"" target=""_blank"">https://doi.org/10.1364/OE.24.000329
</a>", , , ,"David Moreau, Mahmoud Elsherif"," Mahmoud Elsherif, Guy Perkins",Status: Complete (agreement from < 5 team members)
Isosbestic point,"An isosbestic point is the wavelength in which two or more chromophores have the same absorption coefficient. The isosbestic point of interest in NIRS is for oxygenated and deoxygenated hemoglobin, and is at ~800 nm.",Physics,"Oxygenated Hemoglobin, Absorption Spectrum, Absorption Coefficient ",,,"<p></p><a href=""	https://doi.org/10.1016/j.neuroimage.2013.05.004
"" target=""_blank"">	https://doi.org/10.1016/j.neuroimage.2013.05.004
</a>", , , ,Paola Pinti," Franziska Klein, Anna Exner, Musa Talati, Guy Perkins, Stefan Carp",Complete (agreement from at least 5 team members)
Laser,"Laser is a device that emits light through a process of optical amplification based on the stimulated emission of electromagnetic radiation. The term laser originated as an acronym for light amplification by stimulated emission of radiation. As a consequence, the laser produces light within a narrow band of the electromagnetic spectrum (monochromatic). The laser light is also coherent (the light waves are in phase) and highly collimated (all rays are parallel to each other and do not diverge significantly).","Physics, Hardware"," Light Source, Emitter, Optode",,,"<p></p><a href=""https://doi.org/10.1364/ao.49.000f99
"" target=""_blank"">https://doi.org/10.1364/ao.49.000f99
</a>", , , ,OntoNIRS," Guy Perkins, Rickson Mesquita, Sergio Fantini, Stefan Carp",Complete (agreement from at least 5 team members)
Light,"Light is a form of radiant energy emitted from a luminous body. It is a general term referring to electromagnetic radiation in the visible part of the spectrum for humans, ranging approximately from 650 to 900 nm (1 nm = $10^{-9}$ m). Its electromagnetic waves travel in free space with the speed of $3 \\times 10^{8}$ m/s. Like all electromagnetic radiation, light can also be interpreted not only as waves but also as discrete ""packets"" of energy (quanta) known as photons.",Physics,,,,"<p></p><a href=""https://doi.org/10.1364/ao.49.000f99
"" target=""_blank"">https://doi.org/10.1364/ao.49.000f99
</a>", , , ,OntoNIRS," Guy Perkins, Rickson Mesquita, Heidrun Wabnitz, Stefan Carp",Complete (agreement from at least 5 team members)
Light Intensity,"Light intensity is the radiant power received by a surface per unit area, due to illumination, or the radiant power received per unit solid angle. Radiant power is the energy received per unit time. SI units for light intensity are watt per meter squared ($W/m^2$) or watt per steradian ($W/sr$).",Physics,,"$$W/m^2$$, $$W/sr$$, I","Radiant Intensity, Optical Intensity, Irradiance, Illuminance","<p></p><a href=""	https://doi.org/10.1142/7609
"" target=""_blank"">	https://doi.org/10.1142/7609
</a>", , , ,Musa Talati," Franziska Klein, Guy Perkins, Rickson Mesquita, Stefan Carp",Complete (agreement from at least 5 team members)
Light source,"A light source is any body that emits light. The bodies which have their own power of radiating light are known as self-luminous. The bodies which have no light of their own but are visible only by the light falling on them from other sources are said to be non-luminous bodies. The light sources which can be approximated as geometrical points are called points sources. Light sources that extend over one dimension or more are termed extended sources; such sources consist of innumerable point sources. In the context of fNIRS, a light source refers to a device (e.g., laser, LED, lamp) emitting light onto the surface of the tissue or phantom of interest.",Physics, Laser,,"source","<p></p><a href=""	https://doi.org/10.1117/1.NPh.8.1.012101
"" target=""_blank"">	https://doi.org/10.1117/1.NPh.8.1.012101
</a>", , , ,OntoNIRS," Christian Bartkowski, Guy Perkins, Rickson Mesquita, Stefan Carp",Complete (agreement from at least 5 team members)
Modified Beer-Lambert Law,"A common approach to measuring changes in the tissue absorption using continuous waves methods is based on a generalization of Beer-Lambert law in conjunction with the assumption that the scattering properties of tissue do not vary with time. The modified Beer-Lambert law (mBLL) can be expressed as follows:

\\[
  I=I_0e^{(-\\overline{DPF}\\mu_ar)-G}
\\]

Where:
$I$ is the detected optical intensity. $I_{0}$ $I_0$ is the incident intensity. $\\overline{DPF}$ is an average (over the absorption range 0- $\\mu_a$) mean pathlength factor that depends on the optical properties of tissue $\\overline{DPF}$ accounts for the dependence of the mean optical pathlength on scattering and absorption and $r$ is the inter-optode distance. $G$ is a factor that accounts for the effect of scattering and $\\mu_{a}$ $\\mu_a$ is the absorption coefficient.

By calculating logarithmic ratio of I and $I_0$ , we estimate the attenuation OD (optical density): 

\\[ 
A = OD = log_{10}\\frac{I_0}{I} = \\frac{[\\bar{DPF} \\mu_a r + G]}{log_e(10)}  
\\]

which is the integral form of the mBLL. It is valid for an arbitrary medium in terms of its geometry and spatial distribution of the scattering coefficient.


If we assume that G is constant and that the absorption change in the medium between a baseline condition and a test condition is small compared to $\\mu_{a}$, it can be shown that the logarithmic difference between the detected intensity at baseline and during the test condition can be written as follows:

\\[ 
\\Delta A = \\Delta {OD} = log_{10}(\\frac{I_{baseline}}{I_{test}}) = DPF \\frac{ r \\Delta \\mu_a}{log_e(10)}     
\\]



where:
Differential pathlength factor (DPF) is defined as the ratio of the mean pathlength of detected photons at baseline to the inter-optode distance. The last equation is the differential form of the mBLL and it is valid for an arbitrary medium in terms of its geometry and spatial distribution of the optical properties at baseline. The only requirement is that $\\Delta \\mu_a$ is spatially uniform. 

The change in the absorption coefficient $\\Delta \\mu_a$ is the summation of the changes in the absorption contributions associated with available chromophores in the medium e.g.  HbO$_2$ and Hb which are given by the product of their molar decadic absorption coefficients ( $\\epsilon_{HbO_2}, \\epsilon_{Hb}$) and their concentration changes:

\\[  
\\Delta \\mu_a (\\lambda) = log _e(10) \\cdot [  \\epsilon_{HbO_2}(\\lambda) \\Delta c_{HbO_2} + \\epsilon_{Hb}(\\lambda) \\Delta c_{Hb} ] 
\\]

The change in absorbance can then be written for two wavelengths ($ \\lambda_1 , \\lambda_2 $) and two chromophores (HbO$_2$, Hb) as below, assuming DPF to be independent of wavelength:

\\[
\\Delta A(\\lambda_1) = DPF \\cdot r \\cdot [  \\epsilon_{HbO_2}(\\lambda_1) \\Delta c_{HbO_2} + \\epsilon_{Hb}(\\lambda_1) \\Delta c_{Hb} ] 
\\]

\\[
\\Delta A(\\lambda_2) = DPF \\cdot r \\cdot [  \\epsilon_{HbO_2}(\\lambda_2) \\Delta c_{HbO_2} + \\epsilon_{Hb}(\\lambda_2) \\Delta c_{Hb} ] 
\\]

One can estimate the concentration changes of both hemoglobin species by solving this system of linear equations.


",Physics,"Beer Lambert Law, Light Intensity, Molar Absorption     ",mBLL,modified Bouguer-Beer-Lambert Law,"<p></p><a href=""	https://doi.org/10.1039/9781847551207
"" target=""_blank"">	https://doi.org/10.1039/9781847551207
</a><p></p><a href=""https://doi.org/10.1088/0031-9155/51/5/N02
"" target=""_blank"">https://doi.org/10.1088/0031-9155/51/5/N02
</a><p></p><a href=""https://doi.org/10.1088/0031-9155/33/12/008
"" target=""_blank"">https://doi.org/10.1088/0031-9155/33/12/008
</a><p></p><a href=""https://doi.org/10.1088/0031-9155/49/14/N07
"" target=""_blank"">https://doi.org/10.1088/0031-9155/49/14/N07
</a>", , , ,"Angelo Sassaroli, Sergio Fantini"," Franziska Klein, Aykut Eken, Guy Perkins, Rickson Mesquita, Heidrun Wabnitz, Ilias Tachtsidis, Sergio Fantini, Stefan Carp, Katharina Stute, Meryem Ayşe Yücel, Angelo Sassaroli",Complete (agreement from at least 5 team members) 
Molar absorption coefficient,"The molar (decadic) absorption coefficient (formerly: molar decadic extinction coefficient) is an intrinsic property of a given molecule (chromophore) or substance that describes how strongly that molecule/substance absorbs light at a particular wavelength. It is equal to absorbance (A, base 10) divided by the absorption pathlength, d, and the amount concentration, c:

	$ \\epsilon(\\lambda) = -\\frac{1}{cd}log_{10}(\\frac{I_d}{I_0}) = \\frac{A(\\lambda)}{cd} $

It is generally represented by the unit $M^{-1}$ cm$^{-1} (= $L mol$^{-1}$ cm$^{-1}$.
",Physics,"optical density, modified beer-lambert law, attenuation, absorption of light",$$\epsilon$$,"molar absorption coefficient, molar attenuation coefficient","<p></p><a href=""	https://doi.org/10.1351/goldbook
"" target=""_blank"">	https://doi.org/10.1351/goldbook
</a><p></p><a href=""https://doi.org/10.1351/goldbook.M03972
"" target=""_blank"">https://doi.org/10.1351/goldbook.M03972
</a>", , , ,Divya Jain," Franziska Klein, Guy Perkins, Rickson Mesquita,Stefan Carp",Complete (agreement from at least 5 team members)
Near infrared spectroscopy,"Near-infrared spectroscopy (NIRS) is an analytical optical technique that uses near-infrared light (650 - 900 nm) to shine light to a sample and measures the portion of the light that travels through the sample. NIRS has been used in many fields such as agriculture, food, chemical industries, clinical chemistry, pharmaceutical, and medicine. Absorption and/or fluorescence NIRS is utilized in different techniques with different resolution and penetration depth, such as conventional microscopy, confocal/multi-photon microscopy, optical coherence tomography, photodynamic therapy, in vivo molecular imaging and medical diffuse optical imaging. The main applications in medicine are pulse oximetry, brain/muscle oximetry, functional NIRS and optical mammography.fNIRS typically uses the NIR range between 650–900 nm at which the light can travel a couple of centimeters deep in tissue. This is due to the fact that the absorption of light by the main chromophores in tissue (i.e hemoglobin, water, lipids, collagen, melanin and proteins) is relatively small in this “optical window”. fNIRS devices typically contain a set of light sources that emit NIR light in the optical window at two or more wavelengths and a set of detectors to collect light back from the sample. The detected light is then used to estimate the absolute values or relative changes in chromophore concentrations using the modified Beer-Lambert Law, generally in a context where these changes reflect functional brain activity  
Frans Jöbsis is considered the founder of in vivo medical NIRS that enables real-time non-invasive detection of regional hemoglobin oxygenation.  
",Physics,functional Near Infrared Spectroscopy,NIRS, ,"DOI: <p></p><a href=""https://doi.org/10.1126/science.929199
"" target=""_blank"">https://doi.org/10.1126/science.929199
</a><p></p><a href=""https://doi.org/10.1016/s0166-2236(97)01132-6
"" target=""_blank"">https://doi.org/10.1016/s0166-2236(97)01132-6
</a><p></p><a href=""https://doi.org/10.1255/jnirs.973
"" target=""_blank"">https://doi.org/10.1255/jnirs.973
</a><p></p><a href=""https://doi.org/10.1117/1.JBO.20.3.030901
"" target=""_blank"">https://doi.org/10.1117/1.JBO.20.3.030901
</a><p></p><a href=""https://doi.org/10.1016/j.neuroimage.2013.05.004
"" target=""_blank"">https://doi.org/10.1016/j.neuroimage.2013.05.004
</a>", , , ,"Meryem Ayşe Yücel, Marco Ferrari, Valentina Quaresima"," Franziska Klein, Guy Perkins, Yoko Hoshi, Alessandro Torricelli, Rickson Mesquita, Heidrun Wabnitz, Stefan Carp",Complete (agreement from at least 5 team members)
Nyquist Frequency,"For signal processing systems that transform a continuous-time signal to a discrete-time signal, the Nyquist Frequency is the maximum frequency that can be acquired at a given sampling rate in order to be able to reconstruct the signal completely afterwards. Typically it is 0.5x the sampling rate of your system. Beyond the Nyquist frequency, the signal experiences a distortion known as ‘Aliasing’.",Physics,,fN,"Folding frequency, Nyquist Limit","<p></p><a href=""	https://mathworld.wolfram.com/NyquistFrequency.html
"" target=""_blank"">	https://mathworld.wolfram.com/NyquistFrequency.html
</a><p></p><a href=""	https://doi.org/10.1109/PROC.1967.5962
"" target=""_blank"">	https://doi.org/10.1109/PROC.1967.5962
</a>", , , ,Usama A Syed," Anna Exner, Murat Can Mutlu, Musa Talati, Guy Perkins, Rickson Mesquita, Stefan Carp",Complete (agreement from at least 5 team members)
Optical density,"Optical density (or Absorbance) is defined as the (decadic) logarithm of the ratio of incident to transmitted radiant power through a (non-scattering) sample. This quantity is used, e.g., in spectrophotometry to characterize a dissolved chromophore in a non-scattering solution or an optical filter. Absorbance is defined as:
	$A = -log_{10} T = -log_{10}(\\frac{I_d}{I_0})
where A is the absorbance or optical density, T is the transmittance, $I_{d}$ is the intensity of the transmitted light after the light traveling a pathlength d, and $I_{0}$  is the intensity of the incident light.
For a single chromophore, T can be written as
	
	$T = e^{-\\mu_a d} = 10^{-\\epsilon cd}$
where a $\\mu_a$ is the absorption coefficient, $\\epsilon$ is the molar decadic absorption coefficient, c is the concentration of the chromophore. This equation leads to

	$A = \\epsilon cd = \\frac{\\mu_a d}{log_e 10}$
	$\\mu_a = log_e 10 \\cdot \\epsilon c = 2.303 \\epsilon c$
In fNIRS, optical density (OD) is sometimes used as a synonym for (decadic) attenuation (termed A as well). In this context, attenuation is relevant instead of absorbance since it also includes the effect of light scattering. 

",Physics, ,"A, OD", ,"<p></p><a href=""	https://doi.org/10.1117%2F1.NPh.8.1.012101
"" target=""_blank"">	https://doi.org/10.1117%2F1.NPh.8.1.012101
</a>", , , ,"Heidrun Wabnitz, OntoNIRS"," Franziska Klein, Guy Perkins, Heidrun Wabnitz, Stefan Carp, Meryem Ayşe Yücel",Complete (agreement from at least 5 team members) 
Optical Pathlength,"In broader context, the term refers to the trajectory that the light follows within a medium. Path length is the distance obtained as the product of the propagation velocity and the propagation delay between two points. In the propagation of waves, path length is the length that is proportional to the time a wave or signal takes to travel from one point to another.
Within the fNIRS (or optical imaging) framework, it refers to the trajectory that the emitted light follows from source to the detector within the tissue (e.g., scalp, brain, etc.). In tissue or brain imaging scattering is dominant and leads to many different trajectories. The path of light when measured from a source to a detector exhibits a banana-shaped curve and it is directly proportional to the physical length between the source and detector.


",Physics," Differential Path length factor, Photon Banana",OP,,"<p></p><a href=""	https://doi.org/10.1117%2F1.NPh.8.1.012101
"" target=""_blank"">	https://doi.org/10.1117%2F1.NPh.8.1.012101
</a>", , , ,Murat Can Mutlu," Musa Talati, Guy Perkins, Heidrun Wabnitz, Stefan Carp",Complete (agreement from at least 5 team members)
Optical tomography,"Optical tomography describes techniques which generate full three-dimensional (3D) images from measurements taken from sources and detectors covering a substantial part of the surface of the object. Data is obtained from light that has traveled across the object under examination. 
The image reconstruction in optical tomography can be approximately divided into two kinds: the first is a linearization approach and another is a nonlinear iterative approach. The former reconstructs images of measured changes, while the latter enables quantitative image reconstruction of an object.

Nonlinear image reconstruction methods are used due to the use of the diffusion approximation, and typically these generate images that can be shown on a three dimensional tissue volume. It is also possible to attempt to separate the effects of absorption and scatter, which requires measurements of both the intensity and the mean flight time (or, equivalently, phase) of the transmitted light because (in the absence of prior information) measurements of intensity only are unable to distinguish between absorption and scatter at a single wavelength. 

There are several different techniques for performing tomography in NIRS, including diffuse optical tomography (DOT) and functional diffuse optical tomography (fDOT). These techniques use sophisticated algorithms and mathematical models to reconstruct the distribution of changes in hemoglobin concentration within the tissue of interest, e.g the brain, or breast.

",Physics, Diffuse optical tomography,, ,"<p></p><a href=""	https://doi.org/10.1016/B978-0-12-386456-7.07605-X
"" target=""_blank"">	https://doi.org/10.1016/B978-0-12-386456-7.07605-X
</a><p></p><a href=""	https://doi.org/10.1063/1.5086809 
"" target=""_blank"">	https://doi.org/10.1063/1.5086809 
</a><p></p>
<p></p>
"," Tomography is a general term for the reconstruction of the image of sections of a volume using energy which penetrates the volume. In the context of optical near-infrared spectroscopy, tomography refers to the reconstruction of the optical or physiological properties of a volume with illumination and detection on the surface or embedded in the volume. There are several different techniques for performing tomography in NIRS, including diffuse optical tomography (DOT) and functional diffuse optical tomography (fDOT). These techniques use sophisticated algorithms and mathematical models to reconstruct the distribution of changes in hemoglobin concentration within the tissue of interest, e.g brain, breast etc.", , ,OntoNIRS," Guy Perkins, Stefan Carp, Yoko Hoshi",Status: Complete (agreement from < 5 team members)
Optical topography,"Methods which produce two-dimensional (2D) images of a plane parallel to the sources and detectors with limited depth information. It refers to imaging a few centimeters of tissue (the separation between source and detector is generally $< 4$ cm). The typical application is imaging haemodynamic changes in the cortex of the brain, where we are interested in imaging a change in optical properties with a time course of a few seconds. Such systems generally employ continuous-wave instrumentation with laser diode sources modulated at a few kilohertz and lock-in detectors. Images are usually reconstructed using a linear approach and presented as a two-dimensional slice parallel to the plane of sources and detectors. ",Physics," Functional Near Infrared Spectroscopy, Diffuse Optical Tomography",, ,"<p></p><a href=""	https://doi.org/10.1016/B978-0-12-386456-7.07605-X
"" target=""_blank"">	https://doi.org/10.1016/B978-0-12-386456-7.07605-X
</a>", , , ,OntoNIRS," Guy Perkins, Stefan Carp",Status: Complete (agreement from < 5 team members)
Optical window,"The optical window for biological tissues defines a range of wavelengths (650-900 nm) where light can penetrate through tissues such as skin and bone more efficiently than visible light because these tissues scatter and absorb less light at these wavelengths, rendering them nearly transparent. fNIRS takes advantage of this window, where water absorption is low and oxygenated and deoxygenated hemoglobin are strong absorbers of light at these wavelengths, with contrasting levels of absorption coefficient in this range.",Physics,"oxygenated hemoglobin, deoxygenated hemoglobin, absorption spectrum, absorption coefficient",,near-infrared window; therapeutic window,"<p></p><a href=""	https://doi.org/10.1038/nnano.2009.326
"" target=""_blank"">	https://doi.org/10.1038/nnano.2009.326
</a><p></p><a href=""https://doi.org/10.1038/s41377-021-00628-0
"" target=""_blank"">https://doi.org/10.1038/s41377-021-00628-0
</a>", , , ,Divya Jain," Musa Talati, Guy Perkins, Stefan Carp",Status: Complete (agreement from < 5 team members) 
Optode-scalp coupling,Optode-scalp coupling refers to how well an optode is connected to the scalp. Effective optode-scalp coupling ensures the transmission of light from the emitter to the tissue and detection from tissue to the detector. Often it is hair that obstructs the delivery and collection of light at the optode. ,Physics,,,Source-detector coupling ,"<p></p><a href=""	https://doi.org/10.1364%2FBOE.7.005104
"" target=""_blank"">	https://doi.org/10.1364%2FBOE.7.005104
</a>", , , ,Rob J. MacLennan," Musa Talati, Guy Perkins, Stefan Carp",Status: Complete (agreement from < 5 team members) 
Partial pathlength,"The path light travels within the fraction of tissue that is of interest, e.g., for functional brain activity, i.e. as opposed to the entire path between the source and detector. For example, the pathlength of the light is different in the scalp layer when compared to the CSF layer. Estimates of partial pathlengths are often obtained from Monte Carlo simulations, which numerically simulate the path taken by individual photons in tissue. It is the path only in the activated region in the inter-optode distance, multiplied by partial pathlength factor (PPF), which is the scaling factor that relates inter-optode distance to the average pathlength light travels within the activated region. 

",Physics,,,,"<p></p><a href=""	https://doi.org/10.1364%2FBOE.7.005104
"" target=""_blank"">	https://doi.org/10.1364%2FBOE.7.005104
</a>", , , ,OntoNIRS," Stefan Carp, Guy Perkins, Yoko Hoshi",Status: Complete (agreement from < 5 team members)
Path length factor,"In functional near-infrared spectroscopy (fNIRS), the path length factor (PLF) is a correction factor that is used to account for the length of the optical path through the tissue being measured. This scaling factor  is applied to the measured changes in optical density to account for the fact that light travels a longer distance or follows a banana shaped path rather than a straight way through the tissue when the source and detector are further apart. The PLF is typically calculated using a Monte Carlo simulation, which models the propagation of light through the tissue and calculates the average path length of the photons. The PLF is an important correction factor in fNIRS because it affects the accuracy of the measurements of changes in hemoglobin concentration. Without the PLF correction, the changes in optical density would be underestimated when the source and detector are further apart, leading to inaccurate estimates of the underlying neural activity.",Physics,Differential path length factor,PLF,,"<p></p><a href=""https://doi.org/10.1016/j.neuroimage.2013.05.004
"" target=""_blank"">https://doi.org/10.1016/j.neuroimage.2013.05.004
</a>", , , ,Hanieh Zainodini," Usama A Syed, Talukdar Raian Ferdous, Guy Perkins",Complete (agreement from < 5 team members)
Partial volume effect,"The partial volume effect can be defined as the loss of contrast in small objects or regions due to the limited resolution of the imaging system. Thus, it refers to the underestimation of the concentration changes of hemoglobin due to the fact that they occur in small focal regions rather than in the entire sampling region. ",Physics,Partial volume error,PVE,,"<p></p><a href=""	https://doi.org/10.1117/1.nph.8.1.012101
"" target=""_blank"">	https://doi.org/10.1117/1.nph.8.1.012101
</a>", , , ,OntoNIRS," Anna Exner, Guy Perkins, Stefan Carp",Status: Complete (agreement from < 5 team members)
Partial volume error,It is the error that occurs when the partial pathlength and partial volume effects are not considered. ,Physics,Partial volume effect,,,"<p></p><a href=""	https://doi.org/10.1117/1.nph.8.1.012101
"" target=""_blank"">	https://doi.org/10.1117/1.nph.8.1.012101
</a>", , , ,OntoNIRS," Guy Perkins, Stefan Carp",Status: Complete (agreement from < 5 team members)
Penetration depth,"The depth to which light can penetrate tissue to the extent of several centimeters is known as penetration depth. It is influenced by light scattering, absorption, the subject's anatomy, scalp-optode coupling, and the spacing between the light source and the detector. This is on the order of a few mm’s up to 15-20 mm.",Physics," Source Detector Separation, Absorption, Scattering, Photon Banana ",,,"<p></p><a href=""	https://doi.org/10.1117/1.nph.2.2.025005
"" target=""_blank"">	https://doi.org/10.1117/1.nph.2.2.025005
</a><p></p><a href=""	https://doi.org/10.1117/1.nph.6.3.035007
"" target=""_blank"">	https://doi.org/10.1117/1.nph.6.3.035007
</a><p></p><a href=""	https://doi.org/10.1111/nyas.13948
"" target=""_blank"">	https://doi.org/10.1111/nyas.13948
</a><p></p><a href=""https://doi.org/10.1177/1094428116658959
"" target=""_blank"">https://doi.org/10.1177/1094428116658959
</a><p></p><a href=""https://doi.org/10.1371/journal.pone.0026377
"" target=""_blank"">https://doi.org/10.1371/journal.pone.0026377
</a>", , , ,Hanieh Zainodini,"Murat Can Mutlu, Christian Bartkowski , Guy Perkins, Anna Exner, Alessandro Torricelli, Stefan Carp",Complete (agreement from at least 5 team members)
Photon,"An elementary particle that is a quantum (unit) of electromagnetic radiation, such as visible light, often characterized by its frequency or wavelength. They are massless, exhibit wave-particle duality, and travel at $\\sim 3x10^8 m/s$ (c) in a vacuum.",Physics,"Light, Wavelength, Frequency",Gamma (γ) (Not to be confused with gamma radiation),,"<p></p><a href=""	https://doi.org/10.1006/rwsp.2000.0055
"" target=""_blank"">	https://doi.org/10.1006/rwsp.2000.0055
</a>", , , ,Musa Talati," Christian Bartkowski, Guy Perkins, Stefan Carp, Katharina Stute",Complete (agreement from at least 5 team members) 
Photon Banana,The term photon banana refers to the fact that the movement that measured photons will take between a source and detector in a biological tissue in light diffusion simulations appears like a banana shape. ,Physics,Photon Measurement Density Function (PDMF),,,"<p></p><a href=""https://doi.org/10.1017/CBO9781139029797
"" target=""_blank"">https://doi.org/10.1017/CBO9781139029797
</a><p></p><a href=""https://doi.org/10.1109/MEMB.2006.1657788
"" target=""_blank"">https://doi.org/10.1109/MEMB.2006.1657788
</a><p></p><a href=""https://doi.org/10.1117/1.nph.6.3.035007
"" target=""_blank"">https://doi.org/10.1117/1.nph.6.3.035007
</a>", , , ,Guy Perkins," Christian Bartkowski, Samuel Forbes, Heidrun Wabnitz",Status: Complete (agreement from < 5 team members)
Photon Measurement Density Function (PMDF),"The Photon Measurement Density Function (PMDF) is a mathematical function that describes the probability distribution of photons reaching a particular detector or measurement point in a medium. It is obtained from the Green's function of the diffusion equation. The Green's function represents the response of the medium to a point source of light and can be used to calculate the photon density at any point in the medium. By integrating the photon density over the volume of the detector or measurement point, the PMDF can be obtained. The idea of a PMDF is an extension of the notions of a photon-sampling volume and a photon-hitting density. The mathematical formula for the photon-measurement density function (PMDF) depends on the specific measurement type and the properties of the medium being studied. However, in general, the PMDF can be expressed as:

$PMDF(x,t) = \\int V G(x, x’, t) \\rho(x’, t) dV$
where $PMDF(x, t)$ is the photon-measurement density function at a point x and time t, $G(x, x', t)$ is the Green's function of the diffusion equation, which describes the probability distribution of photons reaching point x at time t that originated at point $x'$ at time t=0, $\\rho(x', t)$ is the photon density at point $x'$ and time t, and the integral is taken over the volume V of the detector or measurement point.
",Physics, Photon Transport,PMDF,,"<p></p><a href=""	https://doi.org/10.1364/AO.34.007395
"" target=""_blank"">	https://doi.org/10.1364/AO.34.007395
</a>", , , ,Usama A Syed, Guy Perkins,Status: Complete (agreement from < 5 team members)
Photon transport,"Photon transport refers to the movement of a photon through tissue. In the case of fNIRS, it estimates photon movement as they pass from the source through the different tissues in the head model, with the goal of ending up with a sensitivity profile that can be used to create 3D voxel-based image reconstruction of the fNIRS data. For these applications, photon transport is often solved with Monte Carlo methods. The photon packet is launched, the step size is probabilistically selected, and as it passes through the medium, it loses weight due to absorption in the tissue, repeating these steps until a condition is met (detection, exit, …). Thus, scattering and absorption properties of the tissue is required to estimate photon transport.",Physics,Photon transport modeling ,,Photon migration,"<p></p><a href=""	https://doi.org/10.1016/0169-2607(95)01640-F
"" target=""_blank"">	https://doi.org/10.1016/0169-2607(95)01640-F
</a><p></p><a href=""https://doi.org/10.1117/1.NPh.7.1.015008
"" target=""_blank"">https://doi.org/10.1117/1.NPh.7.1.015008
</a>", , , ,Samuel Forbes," Guy Perkins, Stefan Carp",Status: Complete (agreement from < 5 team members) 
Photon transport modeling,"Photon transport modeling refers to the modeling or simulation of movement of a photon through tissue. In the case of fNIRS, we are modeling the propagation of photons as they pass from the source through the different tissues in the head model to the detector which can be used to created a sensitivity profile (jacobian) that can be used to create 3D voxel-based image reconstruction of the fNIRS data. For these applications, photon transport modeling is often performed with Monte Carlo methods, which can be performed quicker using graphics processing unit (GPU) technologies. In a photon transport model, a large number of photon packets are launched, the step size is selected, and as it passes through the medium undergoing multiple scattering events. The packets lose weight due to absorption in the tissue. Thus, scattering and absorption properties of the tissue are required to estimate photon transport, as well as the wavelength of the fNIRS device.",Physics,Photon transport,,photon migration simulation,"<p></p><a href=""	https://doi.org/10.1016/0169-2607(95)01640-F
"" target=""_blank"">	https://doi.org/10.1016/0169-2607(95)01640-F
</a><p></p><a href=""https://doi.org/10.1117/1.NPh.7.1.015008
"" target=""_blank"">https://doi.org/10.1117/1.NPh.7.1.015008
</a>", , , ,Samuel Forbes," Guy Perkins, Heidrun Wabnitz, Stefan Carp ",Status: Complete (agreement from < 5 team members)
Reduced scattering coefficient,"The reduced scattering coefficient measures how much light is scattered by tissue assuming equal probability for the scattering angle (isotropic scattering) without absorption. Besides the absorption coefficient, it is one of the two main optical parameters that model light propagation through tissue in the diffusion approximation. Reduced scattering coefficient can be formulated as:${\\mu}_s^{\\prime}={\\mu}_s(1-g)$ 


with $\\mu_s$ as the scattering coefficient, a measure of how much light is scattered per unit distance when considering single scattering; and 
$ g = <cos(\\theta) > $ as the anisotropy factor, describing the degree of forward versus backward scattering of light.


",Physics,"Scattering coefficient, Anisotropy factor",$${\mu}_{s}^{\prime}$$,"Transport scattering coefficient, Scattering parameter","<p></p><a href=""https://doi.org/10.1117/3.2624517
"" target=""_blank"">https://doi.org/10.1117/3.2624517
</a><p></p><a href=""https://doi.org/10.1117/1.JBO.26.2.026001
"" target=""_blank"">https://doi.org/10.1117/1.JBO.26.2.026001
</a><p></p><a href=""https://doi.org/10.1117/12.434505
"" target=""_blank"">https://doi.org/10.1117/12.434505
</a><p></p><a href=""https://doi.org/10.1364/BOE.2.001687
"" target=""_blank"">https://doi.org/10.1364/BOE.2.001687
</a>", , , ,"Alessandro Torricelli, Christian Bartkowski"," Guy Perkins, Heidrun Wabnitz, Stefan Carp",Complete (agreement from at least 5 team members)
Reflection,"Reflection refers to the mirroring of radiation at an interface between two media with different characteristic impedance (refractive index in optics). A distinction is made between specular reflection from smooth surfaces, in which the radiation is emitted at the same angle at which it is incident, and diffuse reflection from rough surfaces, in which the radiation is diffusely scattered. Diffuse reflection is driven by light that penetrated into the medium and then re-emerged after multiple scattering",Physics,,,,"<p></p><a href=""	https://doi.org/10.1088/0143-0807/26/5/022
"" target=""_blank"">	https://doi.org/10.1088/0143-0807/26/5/022
</a>", , , ,Anna Exner," Guy Perkins, Heidrun Wabnitz, Stefan Carp, Anna Exner",Status: Complete (agreement from < 5 team members)
Refraction,"Refraction is the change in direction of a wave beam, when it passes from one medium to another. This change in direction is due to a difference in the density of the media, which can cause a change in the speed of the waves in the beam. The ratio of the wave speed in the vacuum, c, and the speed of the wave in the medium, v, defines the refractive index of a medium, i.e., $n = \\frac{c}{v}$. The angle of refraction can be calculated using Snell’s law.",Physics,,,,"<p></p><a href=""	https://doi.org/10.1088/0143-0807/26/5/022
"" target=""_blank"">	https://doi.org/10.1088/0143-0807/26/5/022
</a>", , , ,Anna Exner," Rickson Mesquita, Guy Perkins, Stefan Carp, Anna Exner",Status: Complete (agreement from < 5 team members)
Scattering,Scattering is the phenomenon by which there is a deflection of moving particles or radiation from their main direction by an interaction with other particles of matter in the medium through which they pass. ,Physics,Scattering coefficient,,,"<p></p><a href=""https://doi.org/10.1117/3.2624517
"" target=""_blank"">https://doi.org/10.1117/3.2624517
</a>", , , ,"OntoNIRS, Anna Exner"," Anna Exner, Guy Perkins, Stefan Carp, Katharina Stute",Complete (agreement from at least 5 team members) 
Scattering coefficient,"Scattering coefficient is the ratio between the power scattered in the unit volume and the power incident per unit area; measured in $m^{-1}$, typically ${mm}^{-1}$ or ${cm}^{-1}$. It is the reciprocal of the average distance traveled by a photon before it undergoes a scattering event within a medium.",Physics,Reduced scattering coefficient,$${\mu}_s$$,None,"<p></p><a href=""https://doi.org/10.1117/3.2624517
"" target=""_blank"">https://doi.org/10.1117/3.2624517
</a>", , , ,Alessandro Torricelli," Guy Perkins, Stefan Carp",Status: Complete (agreement from < 5 team members)
Spatially resolved spectroscopy,"Spatially Resolved Spectroscopy is derived from the diffusion approximation by differentiating attenuation in respect to distance. The method requires at least two different source detector separations close together with the furthest being at 3cm. The technique is used to estimate absolute scale concentrations of k*$HbO_2$ and k*$Hb$ and using these to estimate in \\% the absolute tissue saturation of tissue
$\\frac{k*HbO_2}{k*(HbO_2 + Hb} \\% $.
",Physics,,SRS,Spatially resolved,"<p></p><a href=""https://doi.org/10.1002/jbio.201900064
"" target=""_blank"">https://doi.org/10.1002/jbio.201900064
</a>", , , ,OntoNIRS," Guy Perkins, Ilias Tachtsidis, Heidrun Wabnitz, Katharina Stute",Complete (agreement from at least 5 team members)
Spectroscopy,"Spectroscopy is a technique for analyzing and measuring the interaction between electromagnetic radiation and matter. In this process, a spectrometer records the intensity of radiation as a function of energy, frequency or wavelength - the spectrum - after it interacts with or is emitted from a particular material being studied. Since these spectra depend on the absorption and emission properties of the material, and thus on their physical and chemical structure, composition and concentration, they can be used to classify materials.",Physics,"Functional Near Infrared Spectroscopy, Spatially resolved spectroscopy",,,"<p></p><a href=""https://doi.org/10.1016/j.jag.2017.10.004
"" target=""_blank"">https://doi.org/10.1016/j.jag.2017.10.004
</a>", , , ,Anna Exner," Guy Perkins, Stefan Carp",Status: Complete (agreement from < 5 team members)
Temporal point spread function,The probability to detect photons per unit area and unit time at a given source detector distance $\\rho$ and at a given time of flight t. ,Physics,Time domain fNIRS,TPSF,Distribution of time of flight (DTOF),"<p></p><a href=""https://doi.org/10.1117/3.2624517
"" target=""_blank"">https://doi.org/10.1117/3.2624517
</a><p></p><a href=""https://doi.org/10.1364/boe.396585
"" target=""_blank"">https://doi.org/10.1364/boe.396585
</a>", , , ,Alessandro Torricelli," Anna Exner, Guy Perkins, Yoko Hoshi, Heidrun Wabnitz, Stefan Carp",Complete (agreement from at least 5 team members)
Time-domain near-infrared spectroscopy," Time-domain near-infrared spectroscopy, in the context of fNIRS, refers to measuring the distribution of photon times of flight through tissue and fitting the resulting histogram to a theoretical model to calculate tissue optical properties, including absorption and scattering coefficients. TD-NIRS, and its Fourier domain analogue swept frequency NIRS, permits gathering a richer data set than either single frequency-frequency domain NIRS or continuous wave NIRS. However, the cost of TD-NIRS hardware per detection channel tends to be higher. ",Physics," temporal point spread function, diffuse time of flight curve, absorption coefficient, scattering coefficient",TD fNIRS,Time-resolved fNIRS," <p></p><a href=""https://doi.org/10.1088/0031-9155/42/5/007
"" target=""_blank"">https://doi.org/10.1088/0031-9155/42/5/007
</a><p></p><a href=""http://dx.doi.org/10.1016/j.neuroimage.2013.05.106
"" target=""_blank"">http://dx.doi.org/10.1016/j.neuroimage.2013.05.106
</a><p></p><a href=""https://doi.org/10.1117/12.2578518
"" target=""_blank"">https://doi.org/10.1117/12.2578518
</a><p></p><a href=""	https://doi.org/10.1364/boe.396585
"" target=""_blank"">	https://doi.org/10.1364/boe.396585
</a>", , , ,"Alessandro Torricelli, Christian Bartkowski, Aykut Eken"," Guy Perkins, Stefan Carp",Complete (agreement from at least 5 team members)
Time of flight,"The time of flight is the time spent by a photon to migrate through tissue from the source to the detector. In time-domain fNIRS, light attenuation is measured by recording the time-of-flight (TOF) of photons through the tissue. A laser is used to emit short pulses of light, and the arrival time of the photons at the detectors is measured. From the resulting distribution, absorption and scattering parameters can be derived.",Physics,"Time domain fNIRS, Temporal point spread function",TOF,,"<p></p><a href=""https://doi.org/10.1016/j.neuroimage.2013.05.106
"" target=""_blank"">https://doi.org/10.1016/j.neuroimage.2013.05.106
</a><p></p><a href=""https://doi.org/10.1364/boe.396585
"" target=""_blank"">https://doi.org/10.1364/boe.396585
</a>", , , ,"Alessandro Torricelli, Christian Bartkowski","Murat Can Mutlu, Anna Exner, Guy Perkins, Heidrun Wabnitz, Stefan Carp",Complete (agreement from at least 5 team members)
Tissue oxygen saturation,"This term refers to the saturation, or fraction of hemoglobin (expressed in %) bound to oxygen, in the microvasculature of the tissue. It is calculated from NIRS measured absolute deoxyhemoglobin and absolute oxyhemoglobin concentrations as oxyhemoglobin/total hemoglobin. It represents an average of saturation values ( in microvessels within the volume sampled by the measurement which are small enough for light to pass through. This includes arterioles, veins and venules, probably in the range of 100-200 $\\mu$ M. Very large vessels will be thick enough such that all the photons will be absorbed and no signal will be detected from them. The abbreviation was introduced because it matches the accepted format for describing oxygen saturation of hemoglobin in arteries ($SaO_2$) and veins ($SvO_2$). The term “t” for tissue was introduced because the data are from a range of vessel types within the microvasculature of the tissue.",Physics,,StO$$_2$$,"tissue oxygenation, tissue hemoglobin oxygen saturation","<p></p><a href=""http://doi.org/10.1088/0031-9155/46/1/304   
"" target=""_blank"">http://doi.org/10.1088/0031-9155/46/1/304   
</a><p></p><a href=""https://doi.org/10.1364/boe.412088  
"" target=""_blank"">https://doi.org/10.1364/boe.412088  
</a><p></p><a href=""https://doi.org/10.1016/S0741-5214(03)01032-2 
"" target=""_blank"">https://doi.org/10.1016/S0741-5214(03)01032-2 
</a>", , , ,Jeff Dunn," Hanieh Zainodini, Guy Perkins, Heidrun Wabnitz, Stefan Carp",Complete (agreement from at least 5 team members)
Tissue Oximetry,"Tissue oximetry with near-infrared light is a non-invasive, optical method that measures blood hemoglobin oxygen saturation in tissue. In particular, it can be used to measure hemoglobin oxygen saturation of a brain region (cerebral tissue oximetry). ",Physics,Tissue oxygen saturation,,,"<p></p><a href=""https://doi.org/10.1213/ANE.0000000000001348
"" target=""_blank"">https://doi.org/10.1213/ANE.0000000000001348
</a>", , , ,Heidrun Wabnitz," Talukdar Raian Ferdous, David Mehler, Ségolène Guérin, Heidrun Wabnitz, Guy Perkins, Stefan Carp",Complete (agreement from at least 5 team members) 
Total attenuation coefficient,"When absorption and scattering are considered together then we speak of the total attenuation. If we do not account for multiple scattering then $ total attenuation = absorption + scattering $
Just like there are absorption and scattering coefficients, there is also attenuation or extinction coefficient, which is the sum of the absorption coefficient and the scattering coefficient (not the reduced scattering coefficient).
$\\mu_t = \\mu_a + \\mu_s$
",Physics,"Absorption, Scattering, Attenuation",$$\mu_t$$,Attenuation,"<p></p><a href=""	https://doi.org/10.1134/S0030400X11020093
"" target=""_blank"">	https://doi.org/10.1134/S0030400X11020093
</a>", , , ,Guy Perkins," Musa Talati, Franziska Klein, David Busch, Guy Perkins, Heidrun Wabnitz, Stefan Carp",Complete (agreement from at least 5 team members)
Wavelength,"Wavelength is the distance between corresponding points of a wave separated by one period. It is commonly denoted $\\lambdA$, and given by:$ \\lambda = \\frac{u}{v} $
where $u$ is the wave speed and $v$ is the frequency.
In fNIRS, wavelength refers to the specific range of light wavelengths used to measure changes in chromophore concentration in the brain. Typically these are between 650-900 nm.
",Physics,"Peak Wavelength, Source, Emitter, Chromophore, Optical Window","WL,  $$\lambda$$",,"<p></p><a href=""https://doi.org/10.1073/pnas.2208729119
"" target=""_blank"">https://doi.org/10.1073/pnas.2208729119
</a>", , , ,"OntoNIRS, Christian Bartkowski, Sara Sanchez-Alonso","Guy Perkins, Meryem Ayse Yücel, Stefan Carp, Rickson Mesquita, Heidrun Wabnitz",Complete (agreement from at least 5 team members)
